,review,star,date
0,트루케어 에이씨 진정 앰플 일단 트루케어 비타민 씨 20 앰플 쓰면서 따끔하고 약간 얼굴에 자극이 되어서 비타민 바르고 진정용으로 바르긴 하는데요... 너무 물 재질이라 그런지 ㅜㅜ 몇번쓰면 순삭입니다 아주아주 가볍습니다,4,2021.03.01
1,여드름은 진정시키고 피부를 윤기있게 해준다,5,2021.02.28
2,"트러블 생겼을때 투루케어 진정앰플 바르고 자면 다음날 좀 진정이 돼는것같아요. 저한테 잘맞는거같아 요즘은 아침, 저녁 계속 사용중이에요~ 자주 써서 금방 줄어드네요~ 대용량으로 나왔음 좋겠습니다!!",5,2021.02.27
3,갑자기 눈가에 주름이 잘 생기고 건조함을 느끼기 시작해서 샘플 받은거 써보고 괜찮아서 본품 구매했어요. 자극없이 잘 스며들고 아침까지 탱탱하고 매끈한 느낌이 지속됩니다.,4,2021.02.27
4,좋아요 트러블도 들어가는것같고 액체도 수분이 팡팡해서 흡수도잘되구 촉촉하고 맨들맨들해지는걱 같아요! 다만 양이좀 적고 가격이좀나간다는것만빼면 아주 좋습니당 :),5,2021.02.26
5,트루케어라인 사용하고 트러블도 줄어들고 피부가 좋아져서 계속사용중이예요,5,2021.02.25
6,물같은 제형이 효과가 있겠나 했는데 정말 촉촉하네요. 다 발라도 뭔가 허전했었는데 진한 세럼 바르기 전에 바르면 좋아요.,5,2021.02.25
7,괜찮았어요. 좀 더 써봐야겠지만 아직 트러블은 없습니다,5,2021.02.25
8,트루케어 비타민 앰플 쓰고 너무 좋아서 1진정도 사봤오요,5,2021.02.25
9,피부가 여드름때문에 예민해졌을때 듬뿍 바르면 진정되는데 도움이 되는듯. 여드름 자체를 진정시켜주는 효과가 있는건 아니지만 피부가 전체적으로 붉게 뒤집어졌을때 듬뿍 바르고 자면 다음날 좀 촉촉하고 진정된 느낌이 든다. 용량이 많지않아 금방 쓴다.,5,2021.02.25
10,"정말로 트루 ,, 퓨어 그자체 ㅎㅎ 저는 제피부가 지성인데 또 민감하고 향 이상한거 쓰면 간지럽고 아주 난리도 아니어서 앰플중에 뭔가 마구 첨가된 것이 아닌 걸 찾고 있던 중에 트루케어 라인을 알게되었어요..! 토너 후 사용했고 정말 깔-끔해서 너무 좋습니다 ㅠㅠ 계절이나 환경에따라 지성도 되었다가 수부지도 되었다가 하는 분들은 사계절 사용 가능 앰플인 것 같아요 .. 패키징도 넘 큐티 ㅠㅠㅠ별을 하나 뺀이유는 아무래도 진정이어서 드라마틱한 효과은 없어서 뺐디만, 정말 기본에 충실한 제품은 확실합니다~",4,2021.02.23
11,"피부트러블 때문에 매장에서 추천받아 써보는데, 무척 맘에 듭니다. 시카밤은 꾸준히 하는데도 약간 부족했던 부분이 보완되나봐요. 마스크와 면도때문에 이 제품도 꾸준템이 될거 같아요.",5,2021.02.22
12,이 제품은 받고나서 우와~ 했어요. 선물하기 좋을 것 같은 제품이라는 생각도 들었고요. 앰플병에 들어있어서 쓰기도 좋았고 라이트한 느낌에 바르는 느낌이 좋았습니다. 계속 꾸준히 사용하면 제 피부에 좋은 영향을 줄 것 같은 느낌이예요.,5,2021.02.21
13,딸들이 좋다고 꾸준히 쓰는 제품입니다. 메이크업 특히 눈화장이 좀 진한 편인데 순하면서도 기능이 좋은 것 같습니다.,5,2021.02.21
14,좋아요좋아요~~~ 일단 아주 묽어서 막 흐릅니다 흘리지 않게 조심해야해요 처음에는 너무 묽어서 그냥 물같아서 이게 뭐지 했었는데 바르고나면 피부가 쫀쫀?해지면서 촉촉해지는게 느껴집니다~ 피부 진정에도 좋은 것 같아요~!,5,2021.02.18
15,전에 한번 주문해서 썼는데 그냥저냥 쓸만해서 다시 주문해요 트러블에 확 좋다거나 그런거는 잘못느끼겠어요,4,2021.02.18
16,세일기간만 되면 제일 먼저 찾는게 이 제품입니다. 제기준에선 조금 비싸지만 꾸준히 구매할 정도로 앰플값은 톡톡히 하는 녀석입니다. 원래 피부가 갑자기 안좋아져서 구매를 했는데 크게 눈에 띄이지는 않아도 진정효과가 있구나 라는걸 알 수 있었어요.,5,2021.02.17
17,무난하게 좋은데 전 특히 각질관리 잘되는거 같아요 만족스러워요 쟁여놓고 사용중입니다,4,2021.02.24
18,AC진정앰플은 처음 써보는데 너무 흡족하고 만족스러워요 마스크때문에 피부트러블이 장난아니라서 스트레스 받았는데 AC제품쓰고 진짜 많이 진정됐어요~~♡,5,2021.02.22
19,앰플이라기에는 너무 가벼워서 스킨처럼 쓰고있어요. 개인적으로 진정효과는 비자 시카밤이 더 좋은것 같아요.,3,2021.02.21
20,블랙티 유스 인핸싱보다 잘 맞는거 같구.. 다 써가니까 또 구매할 생각이다,5,2021.02.15
21,트루케어 앰플 진짜 몇 번째 재구매인지 모르겠네요ㅠㅠ 처음 구매할 때 반신반의 하면서 구매했는데 샘플 받아 써보니 순하고 좋아서 지금까지도 잘 사용해 오고 있어요 여드름 나거나 피부 예민할 때 꼭 쓰는 제품들 중 하나이구요 요즘은 정말 거의 매일 쓰고 있어요 여드름 없어져도 불안해서 못 끊는 제품입니다,5,2021.02.10
22,"본인은 쫀쫀하게 채워주는 형태의 앰플을 사랑함!! 근데 이거는 제형도 완전 물이고 발림도 물이고 그냥 물 바르는 느낌이길래 효과가 있는거야...? 했는데 효과도 딱히 모르겠는 느낌,,? 동생한테 줌",2,2021.02.09
23,향도 강하지않고 묽게 잘 발리고 흡수력이 좋아요 끈적임도 없고 바로촉촉해지네요. 건조함이 심하면 홍조가 심해져서 효과를 봤으면 합니다.,5,2021.02.08
24,가볍게 흐르는제형으로 건조하면 좁쌀이 올라오는데 좁쌀 올라올때 2-3번 레이어링 해도 트러블 없이 바로 흡수되면서 건조한느낌이 사라져요 환절기에 유용하게 잘 사용하고 있어요,5,2021.02.05
25,제 피부롸 맞아서 자구매했었습니다 ㅎㅎ,5,2021.02.16
26,원래 사용하던 제품이야서 다시 구매했눈데 메디힐 티트리팩이랑 조합 최고네여,5,2021.02.13
27,"처음 사봤어요 흡수는 좋아요, 촉촉합니다",3,2021.02.08
28,이니스프리 제품 안좋은게 없네요. 급 트러블때문에 주문했는데 피부가 진저미 되네요 . 앰플이라서 그런지 부담스럽지않은 영양공급도 해주고 은근 광도 나는거 같아요. 후기가 좋더니 역시 괜찮은 제품같고 트루케어 라인 모두 좋은거 같아요.,5,2021.02.06
29,여드름 나려고 하는 곳 위에 바르고 자고 일어나니까 조금 완화된것 같아요!! 양이 적다고 생각했는데 ㅇㅓ차피 소량씩 바르는거라 괜찮은 것같아요,5,2021.02.04
30,벌써 세번째 구매입니다!! 좋아요~ 각질 정리 이런게 잘되는진 사실 잘모르겠는데 유분감 없이 수분감+빠른흡수 물제형이라 맘에 쏙들어요,5,2021.02.03
31,"이니스프리 브랜드 세일 기간 + 마이샵 단골 등록 혜택 + skt 멤버십 제휴 할인 쿠폰 사용으로, 평소에 세일이 안되고 비싼 트루케어 라인을 득템 했어요. 사실은 트루케어 전 라인 샘플을 써보고 좋은 것 같아서 재 구매 하였습니다.",5,2021.02.03
32,수분감이 가득해서 매우 촉촉해요. 용량도 많아서 무척 만족합니다. 흡수율이 좋아서 바르는 즉시 수분감으로 채워줘 당기거나 하는게 없어요. 가격도 착하고 혜자템이네요. 알러지성 피부라 화장품 잘못쓰면 얼굴 다 뒤집어지는데 이건 그런거 없고 오히려 피부가 진정되어 좋아요. 세일기간에 사면 더 할인을 많이 받아 쟁여두고 쓰고있어요. 이니스프리 제품 대부분이 순하고 좋은 성분이라 안심되어 몇년째 이니스프리만 쓰고있어요. 신제품 나오는것도 다 마음에 들어서 써보고 있어요. 성분이 무엇보다 제일 마음에 들어요. 정말 적극추천합니다. 추천 꾹꾹!!!,5,2021.02.02
33,끈적이지 않고 피부의ㅣ 부드럽고 자극없이 스며드는 점이 좋았어요~~~♡ 앞으로도 세일 마니 할 때는 종종 사게 될것 같아요. 단 공식홈페이지 에서는 샘플 증정이 없어서 그게 좀 아쉽네요. 기획이나 샘플 좀 많이 주면 좋겠어요,4,2021.01.31
34,"민감성인데 향도 거의 안나서 좋고, 흡수도 빠른 편이라 좋았습니다. 바르고 트러블 올라오지 않아서 좋았습니다",5,2021.01.31
35,드라마틱하진 않아도 이니스프리는 늘 순해서 중타는 해서 선호하는 편이예요 기초를 한브랜드로 통일하는 스타일은 아니라 시너지는 전혀 기대를 안하지만 트러블이 안날꺼라 확신이 있어서 반응 좋다는건 써보는 중입니다 이번엔 행사도 있어 좋네요,4,2021.01.30
36,사춘기인 아들이 여드름이 심해져서 사용하게되었는데 너무 좋더라구요. 진정되는게 눈에 띄게 보여서 저도 사용하게 되었는데 처음에는 앰플사이즈가 컸으면 했지만 제품에 만족해서 2번째 구매하게 되었습니다. 저렴하게 구매해서 너무 좋습니다.~~,5,2021.01.29
37,듣던 대로 좋네요~ 고급져 보이더니 트러블 케어에도 좋은거같아요 ~!!,4,2021.01.28
38,유수분밸러스 맞추는데 효과적인거같아요. 쓸 때는 몰랐는데 안쓰면 느껴져요,5,2021.01.27
39,드라마틱하진 않아도 이니스프리는 늘 순해서 중타는 해서 선호하는 편이예요 기초를 한브랜드로 통일하는 스타일은 아니라 시너지는 전혀 기대를 안하지만 트러블이 안날꺼라 확신이 있어서 반응 좋다는건 써보는 중입니다 이번엔 행사도 있어 좋네요,4,2021.01.29
40,샘플로 사용해보고 수분부족지성인 저에게 잘 맞는것 같아서 본품으로 구매했어요 저는 촉촉함을 더 느끼고 싶어서 두번 레이어링해서 바르고 있어요 덕분에 촉촉하면서 끈적임 없이 가볍게 흡수되고 트러블도 조금 줄어든 것 같네요,5,2021.01.27
41,끈적임이 살짝있지만 괜찮네요. 일주일에 한병씩 한달용인듯.,4,2021.01.20
42,5번은 넘은 재구매 같아요!! 확실히 사용하면 트러블이 덜 생기는 것 같습니다! 건조하지도 않고 기름지지도 않아서 너무 좋아요!,5,2021.01.20
43,이거 추천받고 샀는데 트러블 피부에 너무 좋네요 아껴쓰는중.. 배이스 촘촘히 잘 하구 이거로 마무리 하면 담날 트러블 마니 줄어들어요 특히 턱드름에 좋아요!,5,2021.01.18
44,요즘 아토피와 마스크로 인한 트러블로 피부가 다 뒤집어졌었는데 순하고 진정 효과가 있어서 잘 쓰고 있습니다!,4,2021.01.18
45,몇 번 사용하지 않아서 잘 모르겠지만 생각보다 제형이 물같아서 조큼 놀랬습니다 ㅎㅎㅎㅎ 일단 더 사용해볼게용,3,2021.01.17
46,향은 특별히 없고 물처럼 가벼운 타입의 앰플이네요 트러블에 좋을까 싶어서 일단 써보고 있어요 저는 이거 하고 비타민c앰플을 저녁에만 레이어링 하고 있어요,5,2021.01.17
47,요즘 피부에 무거운 기능성 제품을 바르기가 부담스러워 별 기대없이 순한 성분만 보고 구입해보았어요~ 그런데 사용해보니 생각외로 피부에 찰떡인 제품이네요. 물 같이 점성없는 가벼운 제형처럼 보이지만 흡수되면 의외로 피부가 쫀득쫀득 채워지는 느낌입니다. 건성 피부임에도 이 앰플을 두겹 정도만 발라주면 건조한 느낌이 좀 완화되네요~ 물론 지금 같은 건조한 겨울엔 보습크림을 듬뿍 마무리 해줘야하지만 여름엔 이 제품으로 마무리해도 충분할 것 같네요. 무난하게 데일리로 사용하기 좋은 제품이에요~,5,2021.01.26
48,앰플이라고해서 꾸덕할줄알았는데 완전 물타입이여서 놀랬구 처음애는 긴가민가했는데 정말 진정되는기분입니다 잘쓰고있고 다쓰면 비타민앰플과 비교해보고 재구매할예정입니다 가격대비 조은제품이고 부담스럽지 않아서 좋아요 또 행사해주세요!!,5,2021.01.20
49,마스크때문에 턱에 뾰루지가 갑자기 나서 당황스러웠는데 설마 화장품에 가라앉히게 하겠어?하며 사서 사용해봤는데 바로 진정되어서 정말 당황스럽고 이니스프리 최고라고 생각해요,5,2021.01.16
50,샘플로 사용해보고 수분부족지성인 저에게 잘 맞는것 같아서 본품으로 구매했어요 저는 촉촉함을 더 느끼고 싶어서 두번 레이어링해서 바르고 있어요 덕분에 촉촉하면서 끈적임 없이 가볍게 흡수되고 트러블도 조금 줄어든 것 같네요,5,2021.01.27
51,끈적임이 살짝있지만 괜찮네요. 일주일에 한병씩 한달용인듯.,4,2021.01.20
52,5번은 넘은 재구매 같아요!! 확실히 사용하면 트러블이 덜 생기는 것 같습니다! 건조하지도 않고 기름지지도 않아서 너무 좋아요!,5,2021.01.20
53,이거 추천받고 샀는데 트러블 피부에 너무 좋네요 아껴쓰는중.. 배이스 촘촘히 잘 하구 이거로 마무리 하면 담날 트러블 마니 줄어들어요 특히 턱드름에 좋아요!,5,2021.01.18
54,요즘 아토피와 마스크로 인한 트러블로 피부가 다 뒤집어졌었는데 순하고 진정 효과가 있어서 잘 쓰고 있습니다!,4,2021.01.18
55,몇 번 사용하지 않아서 잘 모르겠지만 생각보다 제형이 물같아서 조큼 놀랬습니다 ㅎㅎㅎㅎ 일단 더 사용해볼게용,3,2021.01.17
56,향은 특별히 없고 물처럼 가벼운 타입의 앰플이네요 트러블에 좋을까 싶어서 일단 써보고 있어요 저는 이거 하고 비타민c앰플을 저녁에만 레이어링 하고 있어요,5,2021.01.17
57,요즘 피부에 무거운 기능성 제품을 바르기가 부담스러워 별 기대없이 순한 성분만 보고 구입해보았어요~ 그런데 사용해보니 생각외로 피부에 찰떡인 제품이네요. 물 같이 점성없는 가벼운 제형처럼 보이지만 흡수되면 의외로 피부가 쫀득쫀득 채워지는 느낌입니다. 건성 피부임에도 이 앰플을 두겹 정도만 발라주면 건조한 느낌이 좀 완화되네요~ 물론 지금 같은 건조한 겨울엔 보습크림을 듬뿍 마무리 해줘야하지만 여름엔 이 제품으로 마무리해도 충분할 것 같네요. 무난하게 데일리로 사용하기 좋은 제품이에요~,5,2021.01.26
58,앰플이라고해서 꾸덕할줄알았는데 완전 물타입이여서 놀랬구 처음애는 긴가민가했는데 정말 진정되는기분입니다 잘쓰고있고 다쓰면 비타민앰플과 비교해보고 재구매할예정입니다 가격대비 조은제품이고 부담스럽지 않아서 좋아요 또 행사해주세요!!,5,2021.01.20
59,마스크때문에 턱에 뾰루지가 갑자기 나서 당황스러웠는데 설마 화장품에 가라앉히게 하겠어?하며 사서 사용해봤는데 바로 진정되어서 정말 당황스럽고 이니스프리 최고라고 생각해요,5,2021.01.16
60,일단 상세설명 보고 딱 제가 원하던 제품이더라구요 겨울이라도 화이트헤드가 굉장히 신경쓰이고 붉은피부 건조함 까지 잡을수 있는 제품이라서 바로 구매했어요 일단 10미리씩 나눠져 있어서 좋아요 근데 제형은 너무 묽어서 좀 아쉬운거같아요 한병 다써가는데 효과는 아직 잘 모르겠고 그래도 트러블은 따로 안나네요 꾸준히 사용해보도록할게요,4,2021.01.16
61,할인 중이라 구입했는데 당기지 않고 끈적임없이 쓰기 좋은거 같아요 트러블에도 사용할 수 있고 향도 없고 쓰기 좋네요ㅎㅎㅎ 트루케어 Ac 진정 앰플 양이 적어서 할인할 때 쟁여놓아야 겠어요! 아침에 쓰기 좋은거 같아요,5,2021.01.15
62,흡수도 깔끔하게 잘되고 진정에 좋아요 저녁보다는 아침에 주로 사용하고 있어요 다음 단계에 밀림도 없이 가볍게 바를 수 있어서 좋습니다,5,2021.01.15
63,드라마틱하게 각질이 정리되거나 트러블이 들어가진 않지만 순하고 자극없이 바를 수 있어서 좋네요. 향도 없고 끈적이지않는 워터형입니다. 동생이랑 나눠 쓰는데 얘가 아토피랑 호르몬불균형으로 트러블이 장난아니라 아무것도 못 바르는중인데도 이건 발라도 따갑지않다고 해서 꾸준히 바르고있어요. 크기는 아래 이니스프리 틴트랑 비교해서 보면 알겠지만 미니미해용ㅋㅋ,5,2021.01.14
64,다른거 샀을때 예전에 딸려온 샘플로 먼저 접해봤는데 트러블이 유난히 올라온날에 바르고 자면 다음날 많이 가라앉아잇더라구요 그래서 바로 본품 사야겠다고 생각하고 샀어요! 트러블 많이 올라온 날에 화장솜에 적당히 묻혀서 올려두고 10분정도 두면 뭔가 정화되는 기분이에요 !,5,2021.01.14
65,이제품쓰고 피부결이 좋아졌어요 ㅠㅠ 진짜 좋습니당,5,2021.01.13
66,좋아요좋아너무좋아요그냥좋아요아아다좋아요,4,2021.01.16
67,일주일 정도 써보고 있어요~ 전체적으로 진정되는 느낌이 드네요! 꾸준히 써보려구요!,4,2021.01.14
68,이니스프리 제품 트루케어AC진정앰플 잘받았습니다.포장도 튼튼 깔끔하게 잘되 배송도 빠르게 왔고좋아요.트루케어AC앰플은 촉촉하고 피부에도 잘 스며들며 좋은품질의 앰플이네요. 혜택도 좋은 이니스프리화장품들 다 잘 쓰고있으며 단골제품입니다.또구매할게요.,5,2021.01.14
69,얼굴 피부가 건조해서 구매해서 발랐는데 바르고 난 후 촉촉함이 느껴져서 넘 좋아요. 계속 구매해서 사용할거에요.,5,2021.01.12
70,"앰플을 써보려고 검색하다가 좋아보여서 구매했어요 가격은 조금 나가지만 대체적으로 좋은 제품인것같아서 구매했어요 근데 생각보다 수분감은 부족한것같아요 분명 발랐는데 어디갔지,,금방 날아가버리는듯한 느낌을 받았어요 근데 순하고 진정된다는 느낌은 듭니다 나중에 재구매할지는 잘 모르겠숴욤",3,2021.01.10
71,"앰플 진정효과 있네요 정말! 물같은 느낌이라 처음엔 효과가 있을까 싶었는데 자꾸 손이 가고 있어요. 자주 오래도록 구매하게 될 제품이 될 것 같아요. 요즘 마스크 자주 써서 트러블이 종종 일어나는데, 이젠 걱정 없네요",5,2021.01.09
72,괜찮아요 좀 순하면서 잘 흡수되는느낌 재구매율 있어요 ㅎ,5,2021.01.08
73,트루케어 AC진정 앰플이 보습에 좋다고 직원분이 추천을 하셔서 구매 했어요 마침 한란 제품도 세일ㅇ중이라 같이 구매해서 사용중입니다 꾸준히 사용하면 효과가 좋을거 같아요 요 며칠 사용해봤는데 확실이 당김이 덜하더군요,5,2021.01.07
74,트루케어 AC 진정 앰플 추천합니다. 앰플이라도 저는 레이어링해서 사용하는데 피부가 좀 까쓸하거나 컨디션이 안 좋을때 몇일 사용하고 나면 피부가 진정되는 느낌이 듭니다. 트루케어 AC 진정 앰플 이제 매장에서도 구입 할 수 있어서 더욱 좋아요.,5,2021.01.07
75,즉각적인 효과를 기대하기 보다 꾸준히 조금씩 발라주면 진정효과는 조금 있는 것 같아요.,4,2021.01.07
76,사이즈는 면봉보다 아주 살짝 길어요. 안약 사이즈 아시죠. 그거보다 살짝 커요. 용량이 10ml니까요 제형은 물같은 스킨제형이라서 바르기 좋아요. 비타민 c는 자외선 차단에 신경써야 해서 저는 둘 다 사서 낮엔 진정쓰고 밤에는 비타민c 써요 히알루론산 성분의 마스크팩을 제가 200%만족해서 이 성분이 든 거 보고 두번 고민없이 구매한 제품이예요,4,2021.01.06
77,진정앰플 필요해서 구매했어요 이니스프리 제품 항상 믿고 구매합니다,5,2021.01.05
78,트러블 안나고 무난하니 많이 써요! 떨어질때마다 재구매요..! ^^ 환절기때 쓰기 좋은거같아요,5,2021.01.05
79,트루케어 ac 진정앰플 처음 출시 되었을 때 사용해보았고 그 이후에도 사용했었는데 너무 양이 적어서 금방 쓰다보니 자주 구매하지 못 했어요. 이번에 행사하길래 생각이 나서 구매해보았습니다. 가성비 좋게 나오면 더 좋을 것 같아요 ㅠㅠㅠ,5,2021.01.10
80,마스크때매 트러블이 자주나는데 트러블에 좋다고 추천받았고 가격때매 망설여졌는데 그래도 구매해서 발라봤더니 정말 촉촉하게 느껴졌고 이정도 가격이라도 괜찮다고 느껴졌습니다. 배송도 정말 빨라서 맘에 들었어요. 다음에도 재구매의사 있습니다.,5,2021.01.04
81,"제품이 묽은 스킨같은데 막상 쓰면 건조, 당김은 전혀 없는 신기한 앰플이에요. 작은 앰플 네개에 들어있어서 비타민제품이라 금방 산화되는걸 방지해줘서 그게 마음에 듭니다. 제품 사용한지 4개월째인데 마지막병 사용중이에요. 한달에 한병 정도 사용하고 있으요",5,2021.01.03
82,이거 좋은거 몰랐다가 좁쌀 케어되는거 느끼고 계속 구매합니다.. 이거 중단하고 다시 좁쌀 터져서 재구매 얼른 배송오게 해주세요,5,2021.01.02
83,써본지 얼마안돼서 아직 효과는 모르겠지만 흡수가빠르고 산뜻해지네요 물같이 흐르는제품이라 바닥에 떨어지지않게 바로 잘 발라서 흡수시켜야해요,3,2021.01.01
84,항상 자기전 세안 후 바르는 제품이에요 순하고 트러블에 효과적인 것 같아서 항상 사용합니다,5,2021.01.01
85,트러블 효과에 진정되면서 생각보다 더 좋은 제품이였던거 같습니다 물 같은 스타일이라 한번 쏟아서 아까웠던점이 ㅠㅠ 스포이드 나오는 부분을 조금 막아주는 형태 였으면 안 흘렸을텐데 10미리씩 되어있는점이 조금은 도움이 되었습니다 한통을 다 흘러서 아까운 기분이 들었습니다 각각 통이 되어있어서 덜 상하는점이 마음이 들었고 다 사용하고 재구매 의사도 있으며 산뜻하게 지성분들 바르기 좋을꺼같아요 마음에 듭니다 좋습니다 유리병이라 더 마음에 듭니다 선물용으로도 깔끔해서 좋을듯 싶네요 학생들도 발라도 좋을듯 성인한테도 좋습니다 만족 합니다 좋습니다 좋아요 하하,4,2021.01.04
86,쟁여탬이죠. 봄가을에 최고로 좋아요. 집에 꽉꽉 쟁여둡니다. 지금은 겨울이라 잠시만 안녕중입니다. 곧 다시만나길 ㅋㅋ 양이 작아서 많이 쟁여놓으시길ㅋㅋ 트루케어 제품은 버릴게 없어요. 매장에서 손쉽게 살수 있음 좋겠어요,5,2021.01.03
87,필수품 ㅠㅠ 절대 단종되면 안되요 쓸때는 모르지만 안 쓰면 피부에서 티가 남 좁쌀 트러블에 좋은 거 같아요,5,2021.01.02
88,진정에 도움을 많이 줍니다 세안 후 첫단계에서 씁니다 피부 뒤집어진날 써도 자극이 없을만큼 순해요 홍조케어와 피부진정에 효과 짱! 10ml씩 들어있어서 위생적으로 사용하는건 좋지만 환경오염 생각하면 그냥 한병에 담아서 파는 것도 좋을거 같아요,5,2021.01.01
89,요거 리뷰보고 구매했네요. 한달에 한 두번씩 트러블로 고민하는데 덜한거 같기도 해요,5,2021.01.01
90,이번이 재구매입니다. 처음 구매했을 때는 여타 다른 앰플과 똑같겠지 별거있겠어?란 반신반의하는 마음으로 구매하였는데 막상 직접 바르고 보니 생각보다 효과가 있었습니다. 피부를 안정시키는 느낌? 순하고 자극적이지도 않아서 좋았습니다.,5,2020.12.27
91,딸아이가 좋다고 해서 구매했어요~얼굴에 관심이 생겨 피부관리 한다구요..좋다고 하네요~,5,2020.12.26
92,샘플로 먼저 사용해보고 마음에 들어서 구매했어요! 피부가 정말 민감성이다 보니 화장품이 피부에 조금만 안 맞아도 좁쌀여드름이 올라오는데 이 제품을 샘플로 먼저 테스트 해봤을 때 아무 이상없었고 건조함도 없었어요! 그래서 구매 결정! 크림 바르기 전 단계에서 사용하기에 찰떡이에요~,4,2020.12.25
93,"3일정도밖에 안써봐서 아직 큰 효과는 모르지만, 발림은 괜찮고, 향은 거의 없어요! 배송 빨라서 좋았어요",4,2020.12.25
94,에센스는 늘 어떤 제품을 써야되나 고민되는데 이 진정앰플은 아무래도 트러블때문에 재구매를 여러번 한 제품이에요 딱 요것 때문에 트러블이 안나는지는 모르겠지만 그래도 효과가 있는 듯한 느낌을 받고 있습니다. 세일할때 쟁여 놓고 쓰구 있어요 듬뿍바르다보니 한병에 2주쯤 사용하는것 같아요,5,2020.12.23
95,앰플 진짜 좋아요 첨에는 좀 따가웠는데 계속 쓰다보니까 괜찮더라구여!,5,2020.12.22
96,진정되는 느낌이네요 아침에 스킨대신 바르고 있어요,5,2020.12.31
97,정말 너무 잘 쓰고 있어요 트루케어라인중에 이게 젤 좋아요ㅠㅠ 사실 바르면 바로 수분탱탱해지고 보습이 어마어마하고 그런건 아니에요. 하지만 트러블도 안나고 기본으로 발라주기 너무 좋아요. 문제성피부라 뭐 날까봐 제일 걱정인데 적당히 수분 보충해주면서 기름지지 않고 발림성이 너무 좋습니다. 바른다고 확 피부가 좋아지는건 아니지만 안바르면 너무 허전하고 뭔가 부족해서 꼭꼭 바르고 세일할때 무조건 삽니다!! 전에도 대용량으로 만들어달라고 했는데 불가능한가봐요ㅠㅠ 제품개발 가능하시면 꼭 대용량으로 부탁드려요!! 너무 애정하는 제품입니당~~,5,2020.12.29
98,늘 사용하고있어요 이제는 없으면 안돼요ㅠㅠ 자주 할인행사 했으면 좋겠어요!! ㅎㅎ,5,2020.12.24
99,유투브 검색하다가 앰플에 중요성을 느끼고 샀어요. 앰플을 처음 사봤는데 피부가 얼마나 좋아질지 궁금하네요~~,5,2020.12.23
100,아침마다 발라줍니다. 산뜻하게 흡수되고 트러블이 약간 잡히는 느낌!! 가격도 좋아요. 작지만 4개나 줍니다! 즉각적인 효과는 없지만 꾸준히 바르면 진정되는 거 같아습니다. 매일 꾸준히 발라주면 좋아요. 매일매일! 저녁에는 같은 라인 비타민 발라주니 더 좋아요,5,2020.12.16
101,올해 트루케어 라인을 처음 써보곤 너무 마음에 들어서 이 라인을 계속 세일 할때마다 사서 쟁여두게 되네요~ 스킨 쓰고 AC 앰플까지 쓰면 피부가 깨끗해지는 느낌이에요~ 소용량으로 소분되어 있어서 사용하기도 너무 편하고 좋아요~,5,2020.12.16
102,"한 병 사용 다 했고, 기초 단계에서 청보리 토너 후 사용하고 있어요. 각질 정리하면서 수분 보충할 수 있어 좋고, 이후에 판테놀 스킨으로 한 번 더 수분 보충해주면 촉촉함이 오래가요.",4,2020.12.11
103,비타C 앰플 사용 후 바로 진정 앰플 쓰고 있어요 꾸준히 사용하니 확실히 피부톤이 밝아졌어요 너무 좋네요!,5,2020.12.06
104,친구에게 선물했더니 너무좋아하네요 안그래도 요새 마스크땜에 트러블이 잘생기는데 좀처럼 가라앉길바라며구매했는데 잘구매한것같아요ㅎ 저도 사용해보니깐 그전억사용했던 앰플이랑다르게 많이 번들거리지도 않고 촉촉 맨들맨들해지는게 너무좋았어요 저같이 좁살여드름피부에도 너무 좋은것같아요~^^,5,2020.12.06
105,처음 구매했어요 아직 효과는 잘 모르겠지만 꾸준히 쓰면 좋겠죠,5,2020.12.02
106,이거 전에 쓰던 바다...?무슨 오션 파란색 병 앰플을 썼었는데 그건 살짝 점성이 있는 제형이었다면 이건 엄청 물 같은 제형이라서 효과가 있을까 의아했어요 ㅋㅋㅋ그런데 확실히 트러블이 좀 가라앉는...?느낌도 들고...트러블 들어갈 시기에 발라서 우연히 그런 건진 모르겠지만ㅋㅋㅋ트루케어 그 닦토용 토너랑 같이 쓰니까 더 좋은 거 같아요! 토너 바르고 촉촉한데 앰플 더 발라서 더 촉촉 쫜득해지는 기분....?할인할 때마다 사서 쟁이고 있어요 ㅎㅎ,5,2020.12.02
107,조아요!! 마스크 쓰고 피부가 ㅇㅖ민해수 각질제거를 따로 못해주니 없던 화이트헤드도 생기고 몸이 안좋으면 여드름으로 변하더라구요 ㅇㅅㅇ 각질제거 수분공급 동시에 된다고 해서 샀는데 굿굿굿 각질제거는 생각보다 미비하게 되는것 같지만 촉촉하고 좋아요,5,2020.12.15
108,워낙 입소문이 난 제품이라 사봤는데 진짜 물건이에요 행사 자주 했으면 좋겠어요~! 너무 좋아서 주변에 선물할 일 있을 때마다 하는 중이에요! 보관만 살짝 까다로울뿐 안 써보신 분들 계시면 강력히 추천하고 싶습니다!^^,5,2020.12.07
109,좀 예민한편이라 구매해봤어요 앰플이 4병으로 나눠져있어서 좋구요 좀 더 꾸준히 사용해봐야 할 것 같아요,5,2020.12.02
110,이니스프리 오래 사용해도 원래 사용하는 베스트 제품들이 잘 맞아서 굳이 다른 라인을 사야겠다는 생각잘 안했는데요 생일 쿠폰40%있어서 앰플을 아무 생각 없이 ㅋㅋㅋ 구매했습니다 무슨 효과 있는지도 모르고 사실 맨날 바르는 아닌데 한번 바르고 자고 일어나면 확실히 피부결이 정리되요 이 요물? 굉장히 신기합니다 양도 별루 없어서 애껴서 잘쓰고 있습니다,5,2020.12.01
111,앰플류는 무겁고 끈적여서 잘 쓰지는 않는 화장품 중에 하나예요 근데 이건 가벼운데 촉촉해서 매일매일 쓰고 있습니다 요즘 피부도 부들부들해져서 기분이 좋아요 ㅎㅎ 대신 스포이드가 별로예요 앰플을 잘 못 빨아들이는거 같아요ㅠㅠ,5,2020.12.01
112,아크*** 쓰다가 갈아타봣는데 괜찮은거같아요 진정효과도잇음,5,2020.11.28
113,트루케어AC진정앰플~^^처음구입해봅니다~트루케어비타민~ 앰플은 ㅎ3개사용해보고 구입했어요~^^쫌 따끔거른게 있지만~사용하고나면~그뒷날ㅎ피부에서 광이납니다ㅎ비타민성분이니..냉장고에넣고~사용중이에요~요즘얼굴에 트러블이좀..나서 진정앰플구입했어요~효과있었음~좋겠습니당~^^♡,5,2020.11.27
114,리뷰보고 구입했는데 아직 효과는 잘 모르겠습니다.,3,2020.11.25
115,홍조잡은 진정앰플~!!!!!! 겨울철되면서 이제 따뜻한 물로 샤워하게되죠~~~~ㅜㅠ 씻고 나오면 붉어져있는 두 볼 ㅜㅠ 냉장고에 진정앰플 넣어두고 세안 후 바로 챱챱 발라주면 시원하게 피부 온도도 내려주고 홍조 쏵~~ 사라져요 이거없음 안돼요 ㅜㅠ 진정앰플 수분진정 고민이신분들 강추요,5,2020.11.25
116,순해요 지금 이틀째인데 뭐 나는건 엊ㅅ네요 꾸준히 사용하고 돌아오겠습니다 ㅎㅎ,4,2020.12.01
117,트루케어 라인을 알게된 이후로 몇년째 꾸준히 사용하는 제품이예요. 스킨 에센스를 바른 후 이 앰플을 바르면 흡수도 잘되고 사용감도 좋아요. 가벼운 제형에 순해서 진정 효과도 좋고 트러블도 없어서 계속 사용할 예정이예요.,5,2020.11.27
118,항상 사용하는 제품ㅋㅋ 얼굴이 매우 예민해서 트루케어라인 사용하는데..트루케어 AC진정 앰플은 없어서는 안될 필수품ㅋㅋ 마스크때문에 모낭염이랑 접촉성피부염이 번갈아 생겨서ㅠ AC진정앰플 사용하면 좀 진정되더라구요 강추강추,5,2020.11.26
119,일주일정도 써봤는데 올라오던 좁쌀여드름 많이 없어지고 가라앉았어요! 끈적이지도않고 수분크림같이 촉촉하게 발려서 저같은 지성피부엔 부담없이 딱이었네요. 보습도 되는 것 같구요! 제 피부에 맞는 앰플 찾은 것 같아 넘 좋습니다,5,2020.11.25
120,착붙촉촉산뜻.. 넘 좋아요~~~ 예민한 피부인데 산뜻한가벼움에 한번 놀라고 자고나면 피부부드러움에 두번놀라고 메이크업시에 사용해도 밀림없음에 세번 놀라고 예민한 내피부에 너무나 도움이되는 아이라 넘 사랑하게될듯합니다.,5,2020.11.21
121,피부가 뒤집어 져서 진정용으로 구매했는데 좋습니다 확 다 진정된다기 보다는 점점 진정되고 피부가 돌아오는 것 같아요,5,2020.11.18
122,진짜 피부가 진정되면서 얼굴이 붉어지는 것을 완화 시키는 것 같아요,5,2020.11.17
123,한번만 바라도 피부톤이 밝아지고 스팟부분이 연해지네요~피부결도 좋아지구요..여러 비타민제품을 쓴 저로써는 가성비 좋은 제품으로 인정합니다 ~~♡,5,2020.11.17
124,없어지면 안될 저의 인생템이에요. 앰플을 알기 전 후로 나누어도 무방할만큼...👍👍 진짜 좋아여 좁쌀에도 화농성에도 건조한피부에도 다 좋으여어,5,2020.11.16
125,목 아래 부분에 난 여드름? 을 잡아줘서 좋았어요 앞으로도 계속 쓸것 같네요^^,5,2020.11.04
126,한번만 발라도 충분히 촉촉하고 스킨팩용 솜으로 스킨팩하고 나면 피부가 더 매끈해진게 확실히 느껴져요. 요즘 같은 환절기에 쓰기에도 좋아요!,5,2020.11.25
127,피부 안좋아질때마가 사서 쓰고 있어요,5,2020.11.18
128,세일할때 저렴하게 사서 잘썼습니다!!,4,2020.11.17
129,인생템 피부경 좋아지고 산뜻해요 계속 쓰고있아요,5,2020.11.11
130,건조해질때 휴대용으로 가지고 다니면서 뿌리기도좋아요,5,2020.11.04
131,할인 때 사는 것이라서 저렴하게 구입했습니다. 질도 좋고 가성비 높습니다. 너무 너무 좋습니다. 강력 추천하고 싶고 다음에도 구입할 예정입니다!!!!! 하지만 대용량이 있었으면 좋겠다고 생각합니다.,5,2020.10.31
132,항상 애용하는 필수템 얼굴이 너무너무 예민해서ㅠ 요즘 마스크때문에 얼굴이 난리인데ㅠ 그럴때마다 AC진정앰플 바르면 좀 괘안아 지더라구요 매일 아침 저녁으로 바르고 그위에 알라토란 에센스 두번발라요 순하고 진정되는거같아서 너무좋아요,5,2020.10.30
133,좋습니다 피부가 매끈해지는 것 같습니다,5,2020.10.28
134,"스트레스와 수분 부족으로 항상 턱과 볼주변에 좁쌀을 달고 살았는데 매끈한 피부결로 가꾸어준다는 문구를 보고 주문했어요ㅎㅎ아침 저녁으로 듬뿍(물같은 제형이라 3~4번 정도, 흡수가 빠른 편)흡수 시키고 수분에센스, 크림으로 마무리했더니 세안할 때 피부결이 좀 개선되었어요.",5,2020.11.01
135,촉촉해서 넘 좋아요 히터를 켜서 건주했는데 좋아진것 같아요,5,2020.10.30
136,저녁에만 바르는거라 구매해봤어요 잘발립니다 좋아요,4,2020.10.29
137,재구매해서 사용하고 있어요 피부진정 효과가 있는 것 같아요,5,2020.10.29
138,비타민 c 앰플을 주문한단 것이 잘못 주문했어요. 그런데 너무 좋아요. 피부고 부드러워지고 매끈해져요. 완존 만족!,5,2020.10.28
139,첫 앰플인데 디자인도 너무 귀엽고 촉촉한 느낌이 들어서 좋아요 동생한테도 하나 줬어요 앞으로 피부가 얼마나 더 좋아질지 기대됩니다♡,5,2020.10.27
140,이전에는 얼굴에 바를때 너무 물처럼 흘러내렸었는데 이번에는 기분탓인지는 모르겠지만 약간 더 진득해진거 같아서 너무 좋아요! 항상 얼굴에 트러블 올라올때 발라주면 며칠후네 점점 진정되고 속까지 촉촉해져서 너무 좋아요 ㅎㅎㅎ,5,2020.10.25
141,"이 앰플은 갈색병이나 ""놓치지 않을꺼에요""에 버금갑니다. 스킨, 에센스 다 빼고 이거 하나만 발라도 피부가 촉촉하게 관리되네요. 요즘 화학퓸 줄여바르기 중인데 이게 딱입니다.",5,2020.10.23
142,"크게 엄청난 효과가 있는지 무던해질만큼 괜찮고 보통입니다. 붉은 피부에 조금씩 진정되는 기분이었어요 벌써 8개 쓰고 있는데 , 가격이 조금 더 저렴하면 좋겠다 생각하다가도 그냥 할일하면 사지 하는 생각도 드는 제품입니다",4,2020.10.18
143,스킨으로 피부결 정리하고 바로 진정 앰플 발라줘요 매일 마스크를 쓰니까 피부도 예민해지고.. 데일리로 늘 빠지지않고 발라요 눈에 띠는 효과는 달 모르겠고.. 안했을때랑 확실히 피부 느낌이 다르긴해요,5,2020.10.27
144,샘플써보고 괜찮은것같아 구매고민하던 중 세일하길래 바로샀어요~ 마스크때문인지 얼굴 트러블이 자꾸 올라와서 신경쓰였는데 진정앰플쓰고 많이 차분해졌어요! 요즘 에센스랑 크림도 꼼꼼이 사용중인데 피부컨디션이 많이 좋아졌네요 만족합니다 ^^,5,2020.10.27
145,한세트에 4개가 들어있는데 하나 크기가 작습니다. 앰플이라 점성이 어느정도 있을줄 알았는데 매우 묽은 제형이라 스킨처럼 흘러내립니다. 그래서 얼굴에 스포이드로 올리면 바로 흘러내려서 바르기가 좀 불편하네요. 향은 좋아요.,4,2020.10.24
146,처음 쓰는데 좋네요. 아침 저녁으로 쓰고있어요,5,2020.10.21
147,지성피부의 트러블은 과다 피지가 문제라서 진정 앰플만으로 효과가 없다는 것을 감안하고 사용해봤습니다. 제품 설명에 적힌 각질제거는 확실히 피부가 매끈매끈해진 것이 체감이 되었고 개인적인 느낌으로는 번들거림도 약간 사라지는 것 같아요.,5,2020.10.19
148,트러블 때문에 샀는데 얼굴에 즉각 흡수되고 얼굴이 맨들맨들 해집니다. 트러블이 사라진 건 당연하고요. 한 달 째 사용 중인데 상당히 만족합니다. 건조한 계절이라 트러블 날 때만 쓰고 있어요. 상당히 만족합니다.,5,2020.10.18
149,속건성이많이업ㄱ어진것 같아요 지친 하루 끝 피부에 항상 발라주고 잇어요,5,2020.10.18
150,물제형인데 진정이 되는 것 같아 놀라워요~~ 굿굿,5,2020.10.18
151,끈적거리지 않고 촉촉한 앰플이라 좋았어요! 그리고 4개로 소분되어있어서 공기에의 노출을 줄이고 위생적으로 쓸 수 있는 점이 좋은 것 같아요!,5,2020.10.18
152,"트루케어 라인을 한번 사용해보고 싶어서 판테놀 스킨과 함께 구매해보았어요~ 너무 워터리한 느낌이라 주르륵 흐르기만 하면 어쩌나 했는데, 생각보다 피부에 챡~붙는 느낌이 나네요! 스킨과 함께 쓰니 피부톤도 맑아지는 느낌이 들어서 계속 써봐야겠습니다.",5,2020.10.16
153,발림성과 스며드는게 좋았어요. 피부에 비타민도 공급하겠죠,4,2020.10.16
154,여드름나고 예민한 피부에 좋아서 딸이 계속 사용하는 제품입니다,5,2020.10.15
155,"몇년동안 쓰고있는 제품이에요. 향도 강하지 않고 순해서 좋고, 앰플이 피부에서 따로 놀지않고 잘 흡수되요!",5,2020.10.10
156,진정을 위해서 구매했는데 크게 효과는없었습니다 다만 제형이 물같아서 흡수력은 좋더군요,3,2020.10.09
157,가벼운 엠플! 원래 잘쓰고있는 제품이라 잘쓸께용!,5,2020.10.15
158,얼굴에 자꾸 뾰루지 출몰에 진정앰플을 구매했어요. 약 3주정도 매일 사용했는데 뾰루지가 조금씩 없어졌네용.ㅎㅎ 싱기해용.ㅎㅎ,4,2020.10.11
159,엄청 묽어서 물같은 기분인데 막상 또 바르고보면 피부가 쫀득하니 촉촉함이 가득합니다 듬뿍 바르고 자고나면 피부가 좋아지는 기분입니다 이니스프리 트루케어 라인은 정말 다 괜찮고 실패가 없는 것 같아요 성분도 순한거 같구요,5,2020.10.11
160,마스크랑 생리 콜라보로 턱드름 너무 심해서 이니 매장에서 재구입했어요 예전에 트루케어 소용량 키트 잠깐 판매했을때 써보고 좋았던 기억이 나서 별 고민없이 집어들었네요 우선 끈적임 하나도 없이 물같은 맑은 제형이에요 향도 거의 없고 트러블 부위에 화장품 잘못 바름 따갑고 쓰라린데 이건 그런거 없이 잘 스며드니깐 낮밤 가리지 않고 듬뿍 발라요 성난 뾰루지가 많이 진정되었고 붉은기도 줄어들었습니다 기존엔 피부 예민할땐 비자시카 라인을 주로 사용했어요 요번엔 피부재생에 조금더 도움될 것 같아서 트루케어 라인으로 몇가지 구매했는데 저랑 좀더 잘 맞는 것 같아 만족합니다,5,2020.10.09
161,중딩아들 여드름이 심해서 사봤어요. 아침저녁 여드름부위에만 톡톡 흡수시켜주는데 살짝 진정이 되는듯한 느낌적인 느낌이에요.ㅎㅎ 워낙 심해서 확 들어가고 그러진 않은데 꾸준히 써보려구요,4,2020.10.06
162,피부 진정에 효과 좋아요. 아침 저녁 닦토하고 바르고 있는데 한병 다 쓰기도 전에 진정되는게 보여서 좋아요. 모델링팩 할때나 화장솜 얹어둘 때 물 대신 토너+앰플로 하면 더 빠르게 진정효과 볼 수 있어서 자주 해줍니다. 두번째 구매인데 다 쓰고 또 구매할 예정이에요. 오프라인에서 구매할 수 있어서 더 좋습니다:),5,2020.10.05
163,이거 진짜 좋아요~ 피부에 수분공급에도 좋고 확실히 앰플이여서 그런지 소량만 사용해도 엄청 촉촉했어요! 이거 벌써 세번째로 구매하네요!,5,2020.10.02
164,크기가 작고 첫 앰플 제품이라 기대한 만큼 효과가 있을까 걱정했지만 쓸데없는 걱정이였습니다. 흡수도 잘 되면서 딱 씻고 발림이 제일 좋았던 제품인 것 같군요. 다른 이니스프리 제품이랑 같이 쓰고 있는데 겉도는 것 없이 잘 사용하고 있습니다.,5,2020.10.02
165,소량씩 소분해서 앙증맞은 사이즈로 나옵니다~ 유튜버가 쓰는 모습 보고 요즘 피부가 민감해져서 사봤어요. 트루케어야 워낙 믿고 쓰는 라인이라 이것도 순하고 잘 맞더라고요. 진정이 필요할 때 집중케어용으로 써보셔도 좋을 것 같아요!,5,2020.10.01
166,정말 잘쓰고 있는 제품이에요!!! 제품이 순해서 피부에 자극도 없어요. 그래서 데일리 템으로 사용하고있어요. 아침 저녁으로 세안 후 항상 사용하고 있어요! 그리고 공병도 작은걸로 4개 들어있어서 사용하기 편리해요! 사용감도 괜찮았어요,5,2020.09.30
167,생각보다 묽은 제형이더라구요 효과는 꾸준히 사용해봐야 알 것 같아요~~,4,2020.10.06
168,쌤츨 써보고 너무 만족해서 본품도 구입해서 쓰고 있는데 너무너무 좋은거 같아요 ㅠㅠ 트러블 자국 들이 금방 진정 되는거 같아 너무 만족하면서 사용하고 있어요,5,2020.10.04
169,"리뷰 수정합니다; 아예삭제하려다가 제가 고생했기때문에 다른분들 위해 저처럼 고생하지 말라고 남깁니다. 받자마자(20.9.29.구입)좋다고 리뷰남겼었어요. 원래 여드름이 있긴했는데 ,현재(20.10.31) 여드름 엄청 올라와서, 혹시나 이화장품 끊어봤더니 여드름이 멈췄네요;;;원래 피부과도 다녔고 골드PTT받고했는데 오히려 더많이 올라오니까 혹시나끊어봤더니.나을만한 시기라 나은건지는 모르겠으나 제가 쓰는 화장품이라곤 트루케어 스킨이랑, 이 제품이랑, 이니스프리 썬크림 이렇게 딱3가지인데, 사용을 멈췄더니 여드름도 멈췄어요ㅡㅡ;; 참고하세요..저같은사람도있고, 피부에 맞는분도 있겠죠;",1,2020.09.29
170,좋아요 앰플 보다는 시카밤의 효능이 너무 좋아서 같은 라인이라 열심히 써보고 잇네요. 확실히 피부 좋아졋어요,3,2020.09.27
171,제형이 너무 묽어서 좀 불편해요 효과는 미미해요 엄청 좋지도 안 좋지도 않아요~ 재구매는 그닥.. 모르겠어요 ㅎㅎ 굳이 사서 다시 쓸것같진 않아요~~,3,2020.09.26
172,재구매합니다. 촉촉하게 잘 발려서 좋아요,5,2020.09.25
173,바를수록 피부가 매끈해지고 환해지는 느낌이 들어요. 피부 타입에 상관없이 잘 맞고 다른 비타마c제품보다 민감하지 않아 좋아요,5,2020.09.25
174,이 제푸 쓰고 확실히 트러블이 덜 납니다. 물 제형이라 토너 대신 쓰기도 하구요. 세안 후 수분이 금방 날아가는 데 쓰면 좋더라구요. 재구매하는 제품입니다.,4,2020.09.22
175,사실 딱히 효과 있는진 잘 모르겠어요,3,2020.09.21
176,흡수력이 좋아서 피부탄력이 좋아지는것같아요,5,2020.09.21
177,가격이 비싸서 세일할 때 사서 쓰고있습니다 좋습니다,4,2020.09.27
178,샘플로 써봤눈데 정말 얼굴 트러블 진정이 되는거같아 놀라움을 가지고 구매했어요~ 이니스프리는 찐입니다 하지만 매번 느끼는건데 택배 보낼때 상품좀 단단히 해서 보내주세요ㅠ 깨지는 제품들은 뽁뽁이에 쌓아서 보내주는게 기본인데말이죠.이런부붐이 매번 아쉽네요~,3,2020.09.25
179,요즘 마스크 때문에 피부에 트러블도 생기고 예민해져서 구매했습니다. 물 같이 투명하고 금방 흡수되는 타입이라서 일단 좋았구요. 지금 첫번째병을 거의다 써가는데 트러블도 더 안올라오고 하루종일 마스크에 자극되어 간지럽던것도 진정되서 만족합니다~^^,5,2020.09.23
180,요즘 7스킨보다 3앰플이 좋다고해서 t존에 써보려고 좋은가격에 구매했어요~ 4개병에 나눠져있어 깔끔하게 보관 되는것같아 좋아요 사실 1달넘게 쓰는데 열고닫고할때 위생적으로 보관이 잘되는건지 마지막쓸때 찝찝할때가 있거든요. 3일째 확실히 유분감은 줄고 수분이 찬 느낌이예요.,5,2020.09.20
181,제형이 너무 스킨처럼 묽어서 다른 앰플에 섞어서 사용하고 있어요,4,2020.09.19
182,피부진정에 좋은 아이템임니다 망설이지마세요,5,2020.09.19
183,스킨이라고 생각될만큼 엄청 엄청 묽어요. 트루케어라인의 스킨을 너무 좋아해서 반신반의하면서 그냥 구매해봤어요. 그런데 순하고 흡수도 잘되는게 저한테 너무 잘 맞아요!! 한번 바르면 촉촉한 스킨을 한겹 더 바르는 느낌이고 두세번 바르면 쫀쫀한 세럼 바르는 느낌입니다.정말 몇통씩 쟁이는건지 모르겠어요ㅎㅎ 그런데 10미리씩 소분되있어서 위생적이긴 한데...혹시 관계자분 이거 보신다면 대용량으로 만들어주시면 안되요? 30미리나 50미리로 만드셔도 금방금방 쓸것같은데ㅎㅎㅎ이 제품도 대용량 원합니다!,5,2020.09.19
184,두번째 구매합니다 속건조를 잡아줘서 트러블 유발을 막는거 같아요 트루케어 라인이 복합성인 저와 잘 맞는거 같아요,5,2020.09.18
185,얼굴 붉은 기가 사라지지 않았고 민감해서 그런건지 모공과 블랙헤드가 눈에 띌 정도였어요. 피부도 두꺼운 느낌였고요. 눈두덩이랑 다른 부분이 색도 다르고 피부 결도 다르게 느껴질 정도로요. 이 제품 샘플이 있어서 한번 써봤거든요. 진짜 딱 한번. 다음날 아침에 피부 전체에 알레르기마냥 올라왔던 오돌토돌한 트러블들이 싹 가라앉기 시작하면서 맨질맨질 해 졌고 남아있던 마지막 샘플 하나를 썼는데 다음날 붉은기가 가시더라구요ㅋㅋㅋㅋㅋ 그래서 바로 샀어요. 지금 사서 바른지 4일정도 지났는데 얼굴 중앙부분에 올라오던 붉은기가 잡히면서 진정이 됐는지 얼굴색이 돌아왔어요! 피부도 좋아졌습니다ㅠ,5,2020.09.16
186,앰플이 무겁지도 않으면서 묽어 가볍게 흡수도 잘되는거 같아요 피부가 예민한편인데 트러블없이 좋네요,5,2020.09.16
187,여름에 트러블이 많이 생겨서 조금 많이 신경이 쓰이곤 하는데 앰플을 몇 번 쓰고 나니 피부에 정말 도움이 되었습니다. 무겁지 않아서 특히나 더 자주 찾게 되는것 같아요~,5,2020.09.16
188,영롱...! 아니 케이스 왜케 예쁘죠! 마스크때문인지 계속 늘어나는 여드름 때문에 트러블 케어 제품을 계속 찾아헤맸는데요. 이 진정앰플이 궁금했지만 할인없이 써보기엔 조금 부담스러웠습니다. 그러던 중 샘플을 본품만큼 증정하길래 바로 질렀습니다! 약 2달정도 써본 결과 확실히 홍조가 줄었고 전체적인 여드름 케어도 되는 느낌입니다. 드라마틱한 효과는 없지만 계속 쓸 것 같네요. 양도 생각보다 많아서 아직도 샘플 쓰고있어요!,5,2020.09.20
189,상자 안에 앰플 4개 들어있어요. 10ml용기에 소포장되어있어서 앰플이 상하지 않게 빠른 시일 내 사용할 수 있어요. 샘플 사용해보고 괜찮은것 같아서 여름에 쓰려고 진정용으로 구매했어요. 피부가 예민한 편인데 부작용은 없었어요. 빠르게 가라앉는 느낌은 들지 않는데 일단은 계속 써보려고 해요.,4,2020.09.18
190,자잘하게 뾰루지가 올라오는 게 신경이 쓰여서 사용하는데 눈에 띄는 효과를 보지는 못했지만 또 그렇다고 나쁜 것 같지는 않은 느낌입니다...,5,2020.09.15
191,요즘 마스크를 사용하면서 유독 턱 라인에 여드름이 많이 나더라구요ㅜㅜ 여드름이 자주 났던 피부타입이 아닌데도 피부가 예민해진 탓인지 트러블 고민이 많아서 구매해보았습니다~~! 3~4방울씩이면 그래도 꽤 오래쓸 것 같다가도 점성은 거의 없다시피해서 몇 번 레이어링해서 사용해봐야할 것 같아요!,5,2020.09.14
192,이번에 앰플에 관심을 가지면서 비타민 씨 앰플이랑 원조인 트루케어 에이씨 진정 앰플도 같이 구매 했어요~! 프로폴리스와 히알루론산과 판테놀 성분을 함유해 각질과 수분과 피부 장벽을 한 번에 케어하고 피부 고민 없는 매끈한 피부결로 가꾸어 주는 진정 앰플이라해요 꾸준히 사용해봐야겠어요~!,5,2020.09.09
193,마스크로 턱부분이 간지럽고 여드름나고 ㅜㅜ 몇일 고생해서 예전부터 눈여겨 보고있던 진정앰플을 드디어 구매했습니다. 이제 일주일정도밖에 사용하지않았지만 트러블이 점점 가라앉고있어요. 앞으로도 쭈욱 사용해 보고 효과가 좋았으면 좋겠어요. 가볍에 스며들어서 뒤에 수분크림 한번 더 발라줘야 해요 ㅋㅋ,5,2020.09.07
194,저녁에 바르고 자면 피부가 좀 진정되는 효과가 있어요!,5,2020.09.07
195,피부결이 좋아지는 효과가 제일 좋아요,5,2020.09.07
196,좋아요 가볍게 바르기 좋아요 피부가 맑아지는 느낌예요 조아요,5,2020.09.04
197,이니스프리 트루케어 에이씨 진정 앰플 주변 사람들에게 추천받아서 사용해보았습니다~~~~~~~ 느낌은 물스킨 같은 느낌인데도 불구하고 한번 사용하면 촉촉하면서도 막이 씌워지는 느낌이에요 ㅋㅋㅋㅋㅋ 근데 제 피부에는 조금 과한지 트러블이 오히려.... 저랑은 안맞았네요 ㅠㅠ,2,2020.09.14
198,아직 한병 사용중이라 크게 달라지는 점은 못느꼈지만 순한편입니다 크게 어떤 문제점이 발생하지는 않아서 구매해봤습니다! 화해에서 평도 좋은편이고 마스크때문에 올라온 트러블이 들어가기를 희망하면서 계속 사용할겁니다!!!!,3,2020.09.14
199,30대초반 이것저것 비싼것도 많이써봣지만 개인마다 맞는 제품이있듯이 수부지에 지성복합인 제 피부엔 트러블없이 잘맞아 쓰기좋네요,5,2020.09.04
200,텍스쳐가 엄청 가벼워서 여름에 바르기 좋구 냉장고에 넣어놓구 쓰면 진정도 되는거 같아요!,5,2020.09.03
201,진정이 되는 느낌 입니다 꾸준히 써볼게용,5,2020.09.03
202,진정효과는 좀 있는 듯 하고 촉촉하지만 미스트처럼 금방 날라갈 것 같은 제형이에요. 더 써봐야 알 것 같아요.,4,2020.09.03
203,이거는 진짜 세일 되면 무조건 쟁여놓고 쓰는 제품입니다 피부결이 달라지는게 느껴져요 막 대단한 큰 혀과가 일는건 아닌데 쓸때랑 안쓸때랑은 달라요;; 동생도 쓰고 엄마도 써서 금방 다 쓰는 게 문제지만 ㅋㅋ 그래서 세일때 항상 쟁여야대요,5,2020.09.02
204,피부 진정에 효과가 뛰어나고 순한 제품이라 극찬하는 리뷰가 많아 구매 해 보았어요 앰플이라 용량이 많이 작긴하지만 4병으로 나눠져 있어서 휴대하면서 사용하기 좋은 것 같아요. 액상 제형이라 주루룩 흐르는데 흡수나 발림은 매끈하게 표현되어 좋아요.,4,2020.09.02
205,마스크 때문에 턱 주위에 자잘한 좁쌀여드름을 달고 살면서 이것저것 사용해봤는데요 트루케어 앰플 만큼 효과 본게 없어요 저녁에 세안 후 손바닥에 5방울 정도 떨어뜨려서 얼굴 전체에 잘 흡수시키면 확실히 진정됩니다 강추해요,5,2020.09.02
206,"트루케어 AC 수딩앰플 다 사용하고 재구매했어요!! 세안직후 그린티씨드세럼 바르고 AC수딩앰플바르는데 항상 세안후 속건조가 느껴졌었는데,, 이거 바르고 나니깐속건조가 사라졌어요!! 트루케어 알란토인 워터에센스도 같이바르는데 피부결이 좋아요!",5,2020.09.01
207,매일 매일 쓰기좋아요. 아칭 저녁으로 쓰고있어요.,5,2020.09.01
208,향기도 좋고 바르기 좋아서 산뜻하고 깔끔하게 사용하기 좋은 수딩 앰플이에요. 피부 진정에도 도움이 되고 톤도 약간 환해지는 거 같아요. 수분크림 바르기 전에 사용하면 흡수도 잘 되는 거 같아요. 포장용기 디자인도 이쁜 거 같아요.,5,2020.09.01
209,타사 진정앰플쓰다가 다써서 트루케어를 갈아탔어요.바를때는 가벼운거 같지만 바르고나면 보습막이 형성돼서 너무 좋아요.진정효과 좀더 써봐야 알거같아요.선크림도 트루케어 사용하고 있는데 트루케어라인 다 좋은것같아요.세일할때 쟁여둬야 겠어요.,5,2020.08.31
210,전 건성피부라 야외할동 많이한날은 꾸준히 발라요~^^ 트루케어 라인은 꾸준히 쓰면서 민감한 제피부에 딱이네요~^^ 요즘같이 더운날 자기전에 저는 얼굴전체에 톡톡두드려서 발라주면 담날 뭔가모르게 얼굴이 촉촉하고 환해진 느낌~^^,5,2020.08.31
211,이룸 그대로 진정~ 피부가 진정되는데 같아요~ 꾸준히 써보려구요^^,5,2020.08.29
212,요즘 마스크를 끼고다녀 피부가 빨개지고 더욱 민감예민한 느낌이 들었는덕 진정앰플을 바르고 다음날 아침 일어나면 민감함이 좀 진정이 되는 느낌이 들어 좋아요. 그런데 앰플이라하기에 너무 묽고 너무 물같이흘러 조금만 되직했음 좋겠네요,5,2020.08.28
213,민감성 피부이고 홍조가 있는 제겐 자극적이지 않고 보습해줘서 좋아합니다,4,2020.08.27
214,자잘한 트러블들은 잡아주는 느낌이 있어요! 원래 정도면 생겼을 듯한 트러블이 안 생기는 느낌? 다만 드라마틱한 효과까지는 아니고요. 오히려 모공이 좀 있는 편이어서 아주 작게 뾰루지가 올라오기는 합니다ㅠㅠ 큰 트러블은 아니고 눈에 보일듯 말듯한 정도로요.,5,2020.08.25
215,"떨어지면 안되는 필수 제품이예요^^ 이 제품 쓰고 난 이후로는 각질이랑 화이트헤드 고민에서 해방됐어요. 예전엔 바르는 제품은 따가워서 못썼고 세안시 사용하는 제품은 피부가 붉어져서 못썼는데 이 제품은 자극없이 각질, 화이트헤드 관리가 돼서 너무 좋아요. 처음에는 효과가 있는 건가 없는 건가 했는데 어느 순간부터 화장이 엄청 잘먹더라구요. 세안할 때도 피부가 맨들맨들해진게 느껴지구요.",5,2020.08.24
216,세일해서 저렴하게 구매해서 너무기분좋구요 ~ 양이 작게나와 더 마음에 듭니다~ 뭔가 깨끗하게 쓸수있을것 같구요 ㅎㅎ,4,2020.08.29
217,특별하게 좋은지 나쁜지는 모르겠어요.. 좀 더 오래 써보면 좋을 것 같아 기대하고 있습니다.,3,2020.08.29
218,피부개선효과는잘... 그냥 자극없이무난,3,2020.08.26
219,"기존에 사용하고 있던 블루베리 토너랑 하이퍼트러블 크림 사이에 중간 역할을 해주는 앰플이라고 생각해요. 민감해서 트러블이 잘 나는 피부인데, 무겁지 않은 물제형이라 가볍게 쏙 들어갑니다. 이것보다 살짝 제형이 있어도 좋을거같아요:)",5,2020.08.25
220,진정앰플이라고해서 사볼까 계속 고민하다가 쓰던 앰플도 다 됐고해서 주문을 해봤어요~ 트루케어제품이라 믿고 쓰는거 같아요~^^ 발림성도 좋구 촉촉하구 끈적이지 않는 제품이라서 너무 좋았어요~,4,2020.08.24
221,처음 사용하시는분들 그냥 한번만 써봐요 저처럼 쟁여놓고 사용하시게 될겁니다 근데 저는 앰플을 이틀에 한번씩은 무조건 발라주거든요? 그럼 일단 전체적으로 피부톤이 정리되고 붉은게 연해진다고할까? 그래요 그리고 여드름도 잘 안나는거같아서 개 강 추드립니다!,5,2020.08.23
222,트러블에 되게 예민한 피부라서 앰플 잘못 바르면 유분기 있는 건 트러블 폭발 ㅠㅠ일어나는데 이건 그런 거 없어서 좋았어요 ㅎㅎㅎ하나하나 여행용으로 가져가서 쓰기도 크기 딱 맞고 좋아영ㅋ.ㅋ 첨에 샘플 써 보고 괜찮길래 할인 이벤트 있을 때 쟁였습니닷ㅋㅋㅋ30퍼 할인 원쁠 이벤트 많이 많이 해 주세엽*_*,5,2020.08.22
223,할인할때마다 쟁겨놓고쓰고있는 앰플입니다ㅠㅠ 바르고 다음날 일어나면 수분충전이된 느낌 ㅎㅎ,5,2020.08.21
224,피부가 민감해서 따가우면 어쩌나 걱정많이 했는데 그런거없이 피부를 진정시켜주는것 같네요.,5,2020.08.21
225,보통 바르자마자 효과를 알수가 없는게 대부분인데 이건진짜 다음날 바로 느껴져요 내피부결이 좋아진게 ㅋㅋ 최곱니다. 강추.,5,2020.08.20
226,항상쓰고있어요 수분감도있고 진정되어서 너무좋아요,5,2020.08.23
227,앰플이 아주 부드럽게 잘발리고 피부결이 맑아지는게 보여서 좋습니다.,5,2020.08.22
228,며칠 안 써 봐서 효과는 잘 모르겠는데 냄새도 조금 특이하고 피부도 따끔거려서 계속 써야하나 살짝 고민중인데 다른 리뷰들 보니 피부톤이 밝아진다고 하니 좀더 사용해 봐야할 것 같습니다,3,2020.08.20
229,피부가 진정되고 촉촉해지는 느낌이 좋아서 잘 쓰고있어요~,5,2020.08.19
230,"피부가 정돈되는 느낌이고, 여름에 사용하기 좋은 앰플입니다. 흐르는 제형이라 처음 사용할때는 바르기 힘들지 몰라도, 가볍게 사용하기 좋아요.",5,2020.08.18
231,사춘기 아들 여드름 피부 위해 샀어요 꾸준히 써보고 효과 봫으면 좋겠네요,4,2020.08.15
232,별기대 안했는데 거칠했던 피부가 정리되는게 느껴지네여!,5,2020.08.14
233,발림성이 좋고 이젠 안쓰면 허전함..,5,2020.08.13
234,두번째 구매입니다 순하게 수분감을 채워줘서 좋았어요 트루케어 할인할 때 쟁여놔야겠네요,5,2020.08.12
235,이니스프리 최근년도에 걸작이라 생각합니다. 진짜신기한템이에요. 비싸서 세일할때마다 쟁여요. 트러블나고 좁쌀올라오면 이거 일주일바르면 복구됩니다 . 용기마다 작은양이라 유리가 아깝긴해요. 참고로 빈병적립은 4개 다가져가야합니다.,5,2020.08.12
236,지성분들 쓰기 진짜 좋은 앰플이에요!!! 촉촉한데 마무리가 적당히 촉촉하고 깔끔하고 효과가 너무 좋아요... 다른 앰플은 약근 끈적이게 마무리되는게 많은 데 이건 촉촉함만 남아서 특히 여름에 많이 쓸 것 같아요 볼에 좁쌀 여드름 갑자기 많이 났었는데 각질제거하고 이 앰플 같이 써서 많이 없어졌어요!!!!\ 사진처럼 저렇게 10ml씩 4개 들어있어서 들고다니기도 좋아요 저는 거의 저녁에만 사용해서 한통에 한달 반정도 사용하는 것 같아요 다 쓰면 무조건 살 예정!,5,2020.08.12
237,올ㅇㅇㅇ에서 당근세럼? 좋다길래 사서 써보고 드라마틱한 변화를 못 느끼다가 비슷하게 생긴거 있길래 사봄 당근세럼보다 통은 고급짐 유리라서 1주일정도 썼는데 진정되는거같기도 하고? 그냥둬도 사라질 애들이었을거같기도하고? 한통다써봐야알듯,5,2020.08.14
238,피부가 너무 변덕스럽고 트러블로 많아서 골치였는데 요거 쓰고 좀 진정된 느낌이라 좋은 것 같습니다. 거기다 아무리 성능이 좋아도 발리는 느낌같은게 별로면 손이 덜 가기 마련인데 요건 끈적임 없이 깔끔하게 흡수되서 더더욱 맘에 든달까여??ㅋㅋ 답답하지도 않고.. 앰플식으로 소분되 있어 더 깨끗한 느낌으로 잘 쓸수 있어서 계속 재구매 할 듯여ㅋㅋ,5,2020.08.10
239,"샘플온거보고 더 놀랬어요,,, 일하기는 싫어 주고는싶고 그냥 왕창집어서 주신줄ㅋㅋㅋ 좋네요 그리고 요즘 마스크써서 피부난리났는데 진정되고 좋았어요",5,2020.08.06
240,앰플이지만 수분량이 많아서 물처럼 흐르는 제형이예요~~~ 그래서 피부에 흡수도 잘 되고 끈적이지 않아서 좋아요~~~~~ 여름에 사용하기 좋은 제품이예요~~~~~ 저는 이것만 바르기엔 좀 건조해서 이 앰플 바르고 크림을 발라주니 건조함도 사라지고 좋았어요~~~,5,2020.08.04
241,피부가 건조해지고 당김이 느껴져서 보습에 좋은 앰플 찾다가 구입했어요. 너무 묽지도 않고 펌핑 했을때 물처럼 흐르지 않아서 좋았고 환절기 보습에 적당했던거 같아요 수분 부족에 도움이 되고 탄력을 더해줄 수 있고 흡수율도 좋아서 피부에 금방 스며 들어요 피부에 부담주지 않는 제품 강추합니다,5,2020.08.04
242,두번째 구매입니다 요즘 화장안하고 이것만 바르고 다니는데 확실히 순하고 좋네요. 약간 톤업효과도있어서 메이크업안해도 건강한 피부 연출할 수 있어요. 어떤 자차를 발라도 트러블이 조금씩은 나는데 트루케어는 안나요. 진짜 제품 리뉴얼 하지마시고 그냥 그대로 유지해주세요 제발.. 평생 안고갈템입니다. 요즘은 날이더워서 소용량으로 사지만 날 선선해지면 작은거 하나 큰거 하나 사서 작은건 파우치에 넣어 다닐 참이에요. 샘플도 작은튜브로 하나 주셨네요. 감사합니다~^^,5,2020.07.31
243,샘플까지 엄청 많이 도착해서 정말 좋았어요 근데 다만 너무 물처럼 흘러내리는 점성이 약해서 질질 흐르는 단점이있네요,4,2020.07.29
244,"좀 비싼 감이 없지 않지만 좋아요. 앰플이라는게 사실 써도 그만 안써도 그만이긴 한데, 얼굴이 좀 상했다(?) 싶을 때 써주면 훨씬 좋은 것 같아요. 여드름 케어에도 분명 좋은 것 같구요. 스팟성으로도 씁니다",5,2020.07.24
245,피부에 자극 없고 좋아요.계속 사용중인데요 피부에 잘 붉어지고 했는데 사용 후 많이 개선되었고.촉촉한 느낌도 있어요.,5,2020.07.23
246,예민 피부인데 샘플 써보고 너무 좋아 바로 구입했어요. 쓰자마자 트러블 쏙 들어가고 피부가 부들부들 해졌네요. 앞으로 계속 사용하게 될듯~~,5,2020.07.21
247,샘플 써보고 괜찮아서 구매했는데 스포이드 타입이 굳이 아니어도 됄 것 같아요.. 제형이 너무 물 같아서 바르는거보다 흘리는게 더 많아요ㅜ 스포이드로 얼굴에 바로 떨어트리는거 보다 손에 덜어서 쓰게되요ㅜ 제형이 콧물 제형인게 더 좋은 것 같아요...그거 외엔 만족해요!,4,2020.08.03
248,자극없고 순해요~ 붉은기도 금방 가라앉고~ 저는 3번째 구매에요~~^^!!! 즉각적인 효과보다는 꾸준하게 써서 가려구요ㅎ,4,2020.07.25
249,전 부스터 스타일의 무거운 앰플느낌 아주 싫어하는 편이라 트루케어 앰플 넘 좋습니다. 가볍구요 대신 듬뿍 발라주는 편인데 비자스킨 같은 닦아내는 스킨 이용후 사용하기 딱 좋은 앰플이구요 갠적으로는 진정효과 좋은거 같아요. 사용한지는 2년쯤된거 같구요 저같은 예민복합성 피부가 여전히 무탈하게 사용하고 있으니 추천드리는 앰플입니다^^,5,2020.07.21
250,얼굴에 늘 트러블이 있어서 한번 사용해 봐야지하고 생각만 하다 요번에 구매를 하게 되었네요 아직 사용한지 얼마 안되서 모라고 말하기가 그런데..효과가 있었음 좋겠네요~,3,2020.07.14
251,포장 깔끔하고 배송빠르고 요즘 마스크때문에 트러블이 많이나서ㅠ 진정앰플 밤에 바르고 시카크림 바르고 자면 아침에 좀 나아지는거같아요..그래서 요즘 계속 사용중이지요~~~ 트루케어로 스킨케어 전부 바꾸었어요ㅋㅋ 순하고 좋아서.. 제가 엄청 극예민한 피부인데...트루케어는 잘맞네요~~~,5,2020.07.13
252,트루케어 스킨- 트루케어 앰플 순으로 매일 관리하고 있어요 원래 뾰루지가 많이 났는데 요거 쓰면서 확 줄었어요!! 얼굴빛도 밝아진거 같아 올 여름 내내 쓸 예정입니당 피부 관리는 하고 싶지만 무거운 앰플이 부담스러우신 분들은 꼭 이거 써보세요! 트루케어 스킨이랑 앰플 강강강추 합니다!,5,2020.07.12
253,호기심에 구매해봤는데 생각보다 촉촉하고 순해서 예민한 제 피부에도 잘 맞더라구요. 세일하면 또 사려고 생각중이에요 ㅎㅎ,5,2020.07.11
254,"먼저 사용해 본 친구의 추천으로 구입하게 되었어요. 다른 앰플들은 무겁게 느껴지는데 트루케어 에이씨 진정 앰플은 끈적임없이 가볍게, 잘 스며들고 수분 장벽을 만들어 주어서 피부결이 잘 정돈되어서 좋아요. 소용량으로 되어 있어서 변질의 위험도 적어서 더 좋습니다.",5,2020.07.08
255,큰 기대안하고 구매했는데 효과가 정말 좋았던 제품입니다.ㅎㅎㅎ 잘 붉어지는 민감성 여드름 피부에 정말 좋아요!!,5,2020.07.02
256,평소 에센스제형을 선호하는데 온라인쇼핑중 호기심에 구매한 제품입니다. 묽은 제형이라 처음에 좀 낯설었지만 바른 후 촉촉하고 부드러운 느낌이 만족스러웠습니다.,3,2020.07.17
257,꾸준히 사용하고 있는 제품입니다!! 예민하던 피부가 확실히 진정되요!! 세일할때 매번 쟁여두는 제품이에요 소량으로 되어 있어 위생적이기도 합니다,5,2020.07.08
258,여름철 모공고민으로 화이트헤드에 효과가 있다길래 구매했습니다 물같은 제형이라 정말 금방사용하네요 세안후 모공채우는 느낌으로 사용하는데 피부를 촉촉하게 해주는 느낌이에요 알란토인 에센스랑 같이 사용하니 좋네요,5,2020.07.06
259,폼클시켜서 샘플받고나서 써보고 좁쌀한번에 진정되는거보고 소름되서 할인제외품목인데도 걍 샀어요... 대단합니다... 진짜 마스크때매 좁쌀...ㅂㄷㅂㄷ인데 이걸로 한방에해결요,5,2020.07.02
260,꾸준히 사용하니 피부가 좋아진다는 느낌을 받았어요. 트러블 올라왔을 때 약하지만 진정효과가 있었어요. 물 같은 제형이라 끈적이지도 않고 여름에도 부담없이 사용할 수 있어서 좋네요ㅎㅎㅎ,5,2020.07.01
261,트루케어 제품은 민감한 피부에 맞게 잘 나온것 같아요. 집중적으로 신경쓸 때 ac진정앰플을 바르면 매끈해지는것을 느낄수 있어 좋아요.,4,2020.06.30
262,처음 한통 은 세일없이 사고 이번에 세일 많이 하길래 또 샀어요. 꾸준히 바르면 좋은거 같구요. 제일먼저 발라주고 다음에 다른거 발라주면 더 좋아요. 산뜻합니다. 아주 흡수가 빨라요.,5,2020.06.30
263,제가 항상 쟁여놓는 템이에요! 예전에 dmck 앰플쓰다가 이게 조금 더 싸고 구매하기도 수월해서 갈아탔어요 뭔가 드라마틱한 효과는 없지만 안쓰기에는 불안한??ㅋㅋ그런 템이에요 블루베리 스킨 쓰고나서 꼭 쓰는 제품이에요!,5,2020.06.30
264,무향이라 순한 편이고 가벼운 제형이지만 제법 촉촉해서 속건조를 잡아줘요. 제가 프로폴리스가 잘 안맞는 편인지 바를 때마다 간지러워서 동생 줬어요ㅠ 이점만 빼면 정말 좋은데... 아쉬워요...,3,2020.06.26
265,미세먼지 때문에 피부가 가렵거나 햇빛을 많이 쬐어 따갑거나 마스크때문에 더운날 땀이 차서 가려울때 자기전 세안후 스킨케어시 발라주면 다음날 피부가 진정되어있고 편안해요,5,2020.06.25
266,지난번에 효과가 있을까 싶어 구매해서 사용했었는데 피부 좁쌀여드름이 잘 나는 편인데 많이 가라앉았어요~ 그래서 이번에 할인기간때 할인금액으로 재구매했어요.,5,2020.07.01
267,사계절 필수아이템 순한거 같고 각질 안생겨 좋아요 50 40 세일할때 쟁여놓고 사용중입니다 좀더 큰용량도 나왔으면 좋겠어요 추천합니다,5,2020.06.29
268,요새마~~코로나때매 마스크끼구 피부볼쪽이랑떡이랑 다뒤집어져서 샘플받은걸루 맘에들어 배송가장빨라시켰는데 어쩜 구매금액으로 찢어쓰는 판촉일도 한거도안줍니까.?헉🤪 입니다 !!!최저가검색해도 이니스프리 아모레본사샵보다싼데많습니다^^누가여기서시켜씁니까? 생각판단잘하시고 온라인 판매 유도리있게하세요 첨으로이니스프리로시키고 놀래자빠졌네요ㅋㅋㅋ댓글 순위 조작하지마시구요~~ 시켜쓰실분들은 판촉많이주고 더싼곳에서 이벤많이해주는데서이켜쓰세여♡,1,2020.06.27
269,제형이 엄청 묽은타입입니다~ 병입구 부분이 넓어서 잘못하면 넘어져서 새어버려요... 이니스프리 트러블제품 거의다써봤는데 효과보긴 힘든제품이네요,1,2020.06.25
270,한달 정도 싸봤는데 여드름 났을 때 쓰면 효과는 확실히 좋음!! 근데 매일 쓰니까 뒤로 갈수록 눈에띄는 효과는 딱히 없음 그래도 피부가 좋아진 건 느껴짐,5,2020.06.24
271,스포이드 형식 매우 맘애들어요. 양조절 쉽고 편하고 위생적입니다.한두달은 써야 효과는 있을듯 싶어요. 꾸분히 사용한다면 트러블 피부 관리에 효과적일듯 합니다,4,2020.06.22
272,민감성과 트러블성 피부에 순하고 부드럽게 바를 수 있어서 좋아요. 트러블이 쉽게 일어나는 피부라서 항상 쟁여놓고 매일 바르고 있어요.,5,2020.06.16
273,끈적임 없이 산뜻하게 스며들고 피부진정에도 도움이 되는듯하여 두세트나 쟁여두고 쓰고있네요~ 순하고 좋아요~^^,5,2020.06.15
274,수분앰플 처음 써보는데 이건 너무 순하고 좋네요^^ㅎ 진정효과까지 있어서 여름철 붉게 타오르는 얼굴 진정시키기 딱 좋아요 소용량으로 여행다닐때 가지고 다니기 딱좋고 성분까지 너무 좋으니 말해뭐해 인생앰플 등극입니다^^ 촉촉하게 결정리 되는 똑똑한 앰플이에요♡,5,2020.06.09
275,스킨처럼 맑은 제형 이에요 여름에 쓰기에 끈적이지 않고 좋아요ㅎㅎ 순하네요 피부가 좋아지길 기대해 봅니다^^,4,2020.06.25
276,세일 할 때마다 쟁여놓는 템임니다 벌써 작은거 여섯병은 쓴 것 같네용 사계절 내내 무난하게 쓰지 좋아요ㅎㅎㅎ,5,2020.06.25
277,자극적이지 않고 4앰플로 나눠지 있어서 위생적으로 쓸수도 있어 좋네요 ㅎㅎ 세일안하는건 아쉽지만 ......,4,2020.06.23
278,묽어서 여름에 사용하기 좋고 진정효과 있어요! 여드름도 덜 나는거 같고 완전 추천합니다! 저는 지금까지 3박스 썼고 이번에 3박스 또 샀어요ㅎㅎ,5,2020.06.22
279,진짜 최애템이예여. 이것땜에 그린티클럽 유지중이구여. 날짜적어 사용하면 어느정도 주기로 사야하는지 알 수 잇어여. 아참 공병수거는 네 병 다 챙겨가야 하나로 쳐줘여.,5,2020.06.16
280,순하고 가볍게 흡수되는 사용감이 좋습니다. 먼저 샘플부터 사용해보았는데 너무 좋습니다. 트러블은 물론 안나고 민감한피부에도 딱이에요,5,2020.06.07
281,한참 마스크때문에 피부가 난리났을때 비자라인과 트루케어AC진정앰플을 같이 썼는데..너무좋아요..피부가 건강해지는느낌.. 지금은 화장하고 마스크 써도 트러블 안일어나고.. 피부 장벽을 튼튼하게해줘서 그러나봐요..앰플은 계속 쓸 각..,5,2020.06.06
282,봄에 트러블과 예민해지는 피부입니다. 트루케어 할인행사에서 구매하여 몇달간 사용해보고 맘에들어 신제품 앰플도 구매했어요 텍스처가 가벼워 아침저녁으로 사용해도 끈적이지 않고 진정효과및 피부개선효과가 있읍니다.,5,2020.06.05
283,트루케어 제품들은 저자극인 점이 젤 맘에들어요 얼굴에 무리되지 않게 저자극이어서 트러블 생긴 뒤로는 트루케어 제품들 관심있어지더라고요 이 제품도 역시 좋네요,5,2020.06.05
284,"쓰고나면 순하게 진정되는 느낌이 좋아요!! 마스크 쓰고나서 울긋불긋 ,오돌토돌 하게 올라왔던게 많이 없어 지더라구요~ 2번째구매완료에요~~",5,2020.06.03
285,트루케어 진정앰플 벌써 3통 이상 구매해서 사용중이에요~~4년동안 유지하는?! 제 성인 여드름 피부를 꿀피부로 바꾸어준 유일한 아이템이에요~~ 절대 단종되면 앙대요~~ㅜㅜ♡ 유일한 단점은 용량이 작은 거에요~~ㅜㅜ 용량이 크게 나왔으면 좋겠어요♡,4,2020.05.29
286,트루케어 AC 진정 앰플은 만족도가 높아서 재구매 했습니다. 타사 앰플에 비해 보습력이 뛰어난거 같습니다. 강추!,5,2020.05.27
287,저만 요철이나 좁쌀같은게 나는건가요ㅜ어딜가도 다 좋은평만 보여서 저만 이런건지...피부상태로는 좁쌀은 없었고 화농성처럼 큰애들만 볼쪽에 있구 턱에도 마스크쓰면서 몇개있었어요.원래 피부스트레스가 커서 피부 좋아지고 싶어서 얘를 샀어요.근데 좋아지긴 커녕 화농성도 더 막 나기시작했구 좁쌀들이 진짜 미쳐버릴꺼같아요.턱쪽 볼쪽 이마 진짜 나기시작하는데 육안은 잘안보이고 좀 웃을때?나 옆에서나 빛비추면 보이는 그런게 우수수 징그럽게 얼굴 전체에 조그만하게 손톱으로 긁으면 나올꺼같은게 적어도 50개는 났어요. 프로폴리스앰플써서 피부좋아져서 한번 사봤는데..어쨋든 모쪼록 다들 신중하게 구매하시길ㅜ,2,2020.05.27
288,이니스프리 트루케어 AC 진정 앰플은 세안후 사용하거나 파운데이션 이용할때 함께 쓰고 있는데 나쁜건 없는것 같아요 작은병에 스포이드 형식이라 휴대에 용이해서 좋아요,4,2020.06.05
289,믿고 사용하는 제품입니다. 촉촉하고 얼굴에 잘 스며들어요. 각질정돈과 피부진정에 효과있습니다. 붉은기도 빨리 가라앉아요.,5,2020.05.30
290,저녁에 피부 뭐 날거 같다 싶으면 앰플 양을 늘리는데 수분공급도 되고 아침에 피부가 정돈되어 있는 느낌이에요,5,2020.05.23
291,나왔을때 써보고 재구매했어요 ! 처음엔 무슨 큰 효과 있겠어 했는데 쓰면 쓸수록 마음에 들어요! 정돈된 느낌!,5,2020.05.20
292,이거 쓰고 다음날 일어나면 피부결 정돈 되고 피부톤도 밝아져보여요~느낌일수도 있겠지만 꾸준히 쓰고싶은 제품입니다,5,2020.05.18
293,앰플이 스킨처럼 묽어서 여름에 사용하기 좋을듯 싶네요 처음 사용인데 다행히 트러블없어서 사용해도 좋을거 같아요,5,2020.05.16
294,스킨으로 정돈후 앰플 사용하면 피부에 쏙 스며들어요 앰플 사용후에 에센스를 사용해도 전혀 겉도는게 없어요 몇일 사용해보니 얼굴빛이 확실히 정돈된 느낌! 친구에게도 추천했어요 여름이 다가오니 지금부터 더 잘 쓸거같아요~^^,5,2020.05.15
295,피부거부감없구요 앰플답게 충실하네요 오늘 하루 써본거지만 아직 이렇다할 트러블없이 촉촉하고 조아영 열심히 꾸준히써서 피부좀 좋아졌음 해영,5,2020.05.15
296,피부 스트레스 받아서 울긋불긋 따가운 날 밤에 바르고 자면 다음날 피부가 훨씬 안정된게 느껴져요 양이 좀 적어서 아쉽지만 그만큼 좋아서 만족해요,5,2020.05.14
297,"패키지랑 용기, 효과까지 이쁜 앰플>.<지난 빅세일 때 사봤는데 좋아요!! 저는 원래 유분이 많아서 트러블도 자주 올라오고 스킨발라도 약간 건조함을 느껴요. 또 피부가 민감해서 마스크 쓰는 부분도 좀 간지러웠는데ㅠ낮에 하루종일 유분, 햇빛, 마스크에 지친 피부에 저녁 세안하고 스킨바른 다음에 이 앰플 발라주면 스킨으로 약간 부족했던 수분을 촥! 흡수시키고 피부가 부드럽고 매끈하게 코팅되는 느낌이에요!! 피부가 관리받는 느낌들구요ㅠㅠㅠㅠ너무 좋아요~ 저녁에 바르고 그 다음날 아침에 일어나면 피부가 딱 정돈되어있고 울긋불긋했던 부위나 트러블 부위가 진정되있는 모습을 볼 수 있었어요~",5,2020.05.18
298,프로트러블러입니다ㅋㅋㅋ 트러블화장품은 진짜 안써본게 없을정도로 트러블이랑 20년동안 함께하고있네요. 드라마틱한효과는 없지만 짜고나서 약대신 발라놓습니다.,4,2020.05.15
299,약건성~건성피부입니다. 크림단계전에 요걸로 촉촉함을 채워준 뒤 부터 당김이 거의 사라졌어용ㅠㅠ 마스크때문인지 좁쌀 트러블이 사라지지는 않지만 제일고민이었던 속건조가 거의 없어서 너무 만족하면서 쓰고있습니다~~^^,5,2020.05.15
300,물같은 제형이라 피부에 흡수가 빨라서 좋았어요. 진정효과가 눈에 띄게 있는지는 모르겠지만 피부결이 좋아져서 만족스러운 제품입니다. 다만 아쉬워서 건의하고 싶은 건 특별한 이유가 없다면 4개로 나누지 말고 한병으로 나왔으면 좋겠어요.,5,2020.05.14
301,트러블 피부에도 부담없이 여러번 흡수 시킬수 있을 만큼 가벼운 텍스처라 좋아요! 요즘같이 마스크로 힘든 피부에 맞춤입니다~! 마스크로 힘든 친구들과 동생에게 구매추천 했어요!! 할인하면 무조건 쟁이는 저만의 애정템이에요! 저만의 콤보인 '비자 시카 밤'과 찰떡으로 사용하고 있어요~,5,2020.05.12
302,피부에 트러블이 올라 올 때 생리 직전에 거칠어진 피부에 아침 저녁으로 발라주면 다시 평온해지는 피부ㅎ 그래서 못 끊고 계속 구매해서 쓰고 있어요!!,5,2020.05.11
303,계속 쓰는 제품 입니다. 너무좋아요ㅎㅎ대용량이라 쟁여두고 쓰기 좋고 ㅎㅎㅎ배송도 빨라좋아요 몇통째쓰고있어요ㅎ,5,2020.05.09
304,"트러블이 많이 나는 민감성 피부인데, 코로나로 마스크를 달고 살딘보니 코, 입 주변 트러블이 심해져서 구입했어요. 순학느 민감한 피부에 저자극성 에센스라 좋았어요. 꾸준히 찾아 쓸 것 같습니다.",5,2020.05.05
305,3번째 구매를 했어요 좁살 여드름이나 뾰루지 같은것들이 금방 진정되요 10미리씩 들어있어서 휴대하기도 편하네요,5,2020.05.05
306,예전에 샘플 써 보고 좋았는데 마침 할인하길래 얼른 구매했어요. 향기도 거의 없고 순하고 촉촉해서 맘에들어요.,5,2020.05.01
307,트루케어 ac진정 앰플 진짜좋아요. 이제품 한개만 바르고 자는데 세안후 뽕송한 느낌인데 당김도 없어서 매일 매일 바르고 있어요,5,2020.04.29
308,요즘 마스크를 매일매일 일하는 내내 사용하니 피부트트 러블도 뽀로지도ㅜ엄청나게 올라와서 엄청 스트레스였는데... 이것 베이스로 사용하면서 부터는 마노이 좋아졌습니다. 진정앰플이 왜 진정앰플인지 알거 같아요~^^,5,2020.04.26
309,트루케어 진정 앰플은 순하고 얼굴에 착착 감겨요 끈적이지 않고 수분감도 좋아서 계속 쓰고 싶은 제품이예요. 트루케어 제품은 다 신뢰할 수 있을 것 같아요^^,5,2020.05.02
310,50할인할할때 구입했는데 별 기대안했는대 의외로 긱질제거도 되고 하루종일 촉촉 건조함별로 못느끼는거 같아요 할인힐때 많이 쟁여놔야겠어요ㅋㅋㅋ,5,2020.04.26
311,할인할떄 구매했는데 좋네요 가격이 약간 부담되서 쓰다말았는데 역시 좋습니다. 작아서 휴대하기도 편하네요 !!,5,2020.04.25
312,매끈결을 만들어준다는게 느껴지는 제품이에요 왠지 각질도제거해주는것같은느낌이들정도로 좋아요 평생템이될거같네요 ㅋㅋ,5,2020.04.24
313,소량으로 나눠져있어서 휴대하기에도 너무 편합니다 아침 저녁으로 꾸준히 사용중입니다 효과는 더 써봐야 알 것 같아요!,5,2020.04.21
314,가볍운데 촉촉한느낌이라 좋아요~ 저렴하게 구매해서 편하게 쓰기 너무 좋아요 다음에 큰거사서 써야겠아욥!!,4,2020.04.20
315,원래 트루케어 앰플에 추가로 앰플 증정 있었는데 안왔어요... 있는거 보구 큰맘 먹고 질렀는데... 좀 그렇네요...,3,2020.04.20
316,아직 개봉전이지만 트루케어 제품들을 써보고 만족한 부분이 많아서 기대하고 있어요! (+ 10ml 4개로 구성되어 있던데 40ml 1개로 구성되면 환경오염도 줄이고 더 좋을 것 같아요!),5,2020.04.19
317,평소에 써보고 싶었는데 가격때문에 포기하다가 1+1행사할때 구매했습니다. 앰플은 처음써봐서 다른 앰플과 비교는 어려울 것 같습니다. 일단 정말 물처럼 흘러내려요. 재빨리 얼굴에 떨어트리고는 손으로 두드려 흡수시켜주고 있습니다. 두드릴땐 물같은 제형이아니라 볼에 착 흡수되는건지 약간 쫀득쫀득..? 하다는 느낌이 들어요. 1+1이라 우선 먼저 온 증정용 앰플 먼저 쓰는 중입니다. 재구매의사 있습니다!,5,2020.04.18
318,"일단 패키징이 정말 마음에 들어요. 양이 적게 여러 개가 들어가 있어서 위생적으로 쓸 수 있어요.👍 그리고 앰플이 아주 빠르게 흡수되고 전혀 자극없이 수분만 충전해주는 느낌이라 좋아요🙂 디렉터파이님 구독하고 있어서 추천하시는 대로 트루케어 스킨 > 트루케어 앰플 > 센시티브 딥 크림 > 미니멈선크림 썼더니 마스크 사용으로 뒤집어졌던 피부가 최고 컨디션이 되었어요. 원래 수분이 부족하면 작은 트러블이 생기는 피부고, 기름기가 너무강한 제품 써도 트러블이",5,2020.04.22
319,요즘 마스크때문에 자꾸 트러블 올라와서ㅜㅜ저녁마다 피부 진정시켜주려고 같이 구매했습ㄴ디ㅏ 쓸땐 모르겠는ㄷ니ㅣ 안쓰면 좋은걸알게되는 제품,5,2020.04.21
320,샘플써보고 좋아서 사보고싶은데 꽤 비싸서ㅠ 못사다가 할인해서 사봤어요 좋아요 촉촉하고 물앰플이라 흐른것ㄱ만 제외하면 좋아요,4,2020.04.18
321,"저 이거 한번(4개1세트) 쓰고 피부결이 달라졌어요! 거울에 비친 얼굴에 조명받을 때 결이 달라보여요! 물같아서 별로 효과 못느끼시겠지만 이게 병도 유리병이고 소분되어 있는거 보면 성분도 좋고 무방부제(혹은 소량)라는걸 조심스레 예측해봅니다! 꾸준히 싸보고 만족도 높아진 제품이에요! 2020.3.25구매, 사용기한2021.10.14까지",5,2020.04.18
322,환절기에 사용하기 좋은 제품이에요. 환절기 때마다 피부가 뒤집어지는데 진정용으로 쓰고 있어요 다른 분들께도 추천합니다.,5,2020.04.16
323,요즘 날씨가 너무 건조해서 스킨만으로는 안될것 같아서 앰플 구매했어요. 생각보다 스킨처럼 많이 묽어서 처음에 많이 떨어뜨리면 다 흘러버리니 조금씩 나눠서 발라야해요. 그래도 바르고 잘 두드려주면 피부 속까지 촉촉해지는 것 같아서 요즘같이 건조한 날씨에는 아침 저녁으로 열심히 쓰고 있어요.,5,2020.04.15
324,"아직 써보진 않았지만, 구매 후기들이 좋았어서 기대되는 제품입니다^_^ 손등에 발라봤을땐, 찐득이지 않고 가벼운 느낌이네요!",5,2020.04.14
325,성분 좋고 트러블 있는 사람들을 위한 진정앰플이라 자주 구매해서 썼어요! 아쉬운 점이 있다면 쪼금 큰 용량으로도 나왔으면..!,5,2020.04.13
326,피부장벽이 무너진 것 같아서 판테놀 성분이 있는 앰플을 찾다가 트루케어 AC 진정앰플이 좀 유명하더라구요 (제 기준으로) 그래서 살까 고민하다 다른 리뷰보고 그냥 써봤더니 아니나 다를까 정말 좋습니다 진짜 정말,5,2020.04.13
327,촉촉함이 좋아요. 앰플 잘못 쓰면 피부가 미끄덩하니 화장이 밀리던데 그런게 전혀 없네요~ 부담없이 쓰기에 딱 좋아요 성분도 좋구요~,5,2020.04.14
328,타 제품보다 가격이 싸고 좋아요 4병이 들어있는데 흡수도 빠르고 촉촉하네요 다음에 또구입하려고 힙니다 금방 쓸것 같아요,4,2020.04.13
329,"트루케어는 가격이 좀 부담스러워서 구매시 고민 여러번 했는데, 트러블에 정말 좋습니다. 순해서 부담없이 덧바르고, 진정에 효과가 좋아요! 세일 기다렸다가 쟁임하고 있습니다!",5,2020.04.13
330,"써보고 반했어요. 늘 콧물제형만 쓰다가 물제형이라 흡수가 안될까 생각했는데, 흡수도 빠르고 바를때 마사지 하듯 두드려주며 바르니 결도 정리되면서 트러블없이 매끈해지는 느낌이에요. 샘플은 테스트로 먼저 쓰지않고 여행때 쓰려고 쟁여두고 있어요 :D 워낙 트루케어 라인을 좋아하는데 ac진정 앰플도 점점 인생템으로 굳혀질듯 해요~",5,2020.04.12
331,마스크때문에 트러블이 올라와서 주문했어요. 세일이라 반값에 구입했어요. 저렴한가격이라 큰기대는 안했는데 피부진정효과가 좋은것 같아요. 뾰루지가 진정되는게 느껴져요. 다쓰면 재구매할것같아요. 가격대비 최고인 제품이예요^^ 피부트러블 고민인분들 꼭써보세요. 정말정말 강추입니다,5,2020.04.12
332,"처음에는 무슨 진정효과가 있겠나 싶었는데, 마스크 사용으로 인해 입과 코 주변 여드름이 진정앰플 많이 발라줬더니 하루이틀만에 가라앉고 진정되는 효과가 있었어요!! 그린티 세럼 바르고 진정앰플 바르면 수분도 공급! 피부가 진정되어 숨쉬는거 같아요~^^ 잇템 추천!!",5,2020.04.11
333,밤에 맨얼굴에 바르고 자고 일어나니까 피부가 진짜 맨들맨들 부들부들해요 ㄷㄷ물같은 제형이라 단독은 건조할 수 있어요~,5,2020.04.08
334,"최근 마스크 착용 탓인지 트러블이 자꾸 올라오던 차에 할인기간에 구입해 봤습니다. 현재 열흘가량 꾸준히 아침저녁으로 사용하고 있는데, 일단 지금까지는 트러블이 하나도 올라오지 않아서 너무 만족하고 있습니다. ㅠㅠ 좋은 잇템을 저렴하게 구매해서 너무 좋네요😁😁",5,2020.04.07
335,트러블 났을때나 피부 뒤집어졌을때 상비약처럼 구비하고 있다가 사용하면 이삼일내로 진정되고 좋아요. 행사해서 저렴하게 쟁여뒀어요 꼭 있어야하는 템,5,2020.04.07
336,피부가 조금 예민한편이라 사용하는데 확실히 쓰고 나면 피부가 좀 진정되고 쫀쫀해지는? 느낌이 들어서 만족합니다,5,2020.04.07
337,왜 패키지가 굳이 작은걸로 4개 나뉘어있는지 모르겠지만 제품은 좋아요~~흡수도 빠르고요~~저는 만족하고 잘 사용하고 있어요!,5,2020.04.07
338,추천받고 써볼라고 샀어요~ 이번 쎄일때 산것중에 맘에 드는것중에 하나네요~ 깔끔하고 산뜻해서 부담없이 쓰기좋아요,5,2020.04.07
339,쓰던제품인데 좁쌀에도 좋고 완전 좋아서 반값세일할 때 하나 더 쟁여뒀어요!! ㅎㅎㅎㅎ 다쓰면 계속 주문할 예정입니다!,5,2020.04.09
340,건성피부입니다. 이제 산뜻해져가는 계절에 무겁지않게 쓰기 너무 좋습니다 그리고 성분도 순해서 바를때 피부가 빨갛게 올라오지 않구요. 강추강추! 다쓰면 또살거에요,5,2020.04.06
341,득템했네요~~~득템했네요~~~득템했네요~~~득템했네요~~~득템했네요~~~득템했네요~~~득템했네요~~~득템했네요~~~,5,2020.04.06
342,마스크 쓰고 다닌다고 트러블이 생겨서 구입했어요 처음에 바를땐 흡수가 더딘데 시간이 지나니 피부에 밀착하는 느낌이 좋네요,4,2020.04.05
343,"우선 배송은 빨라서 좋았어요! 제가 환절기때문인가 좁쌀이 요즘 많이나서 써보는데 3일정도는 효과를 보다가 다시 좁쌀이 나더라구요,,재구매의사는 없어요!",3,2020.04.05
344,좋아요~~다음번에도 다쓰면 재구매할예정입니당~~ 잘 구매했어용ㅇ 어어탸탸탸야ㅓ어어더ㅓ더엉어어ㅜㅡㅇ ㅇ 아아아아앙,5,2020.04.04
345,"수분감 바로 채워지는 느낌이에요. 비자 클렌징 폼이랑 같이 쓰니 진정효과도 좋구요. 가벼운 수분크림이나 워터리한 선크림 같이 바르면 딱 좋게 수분감 채워지는 느낌이에요. 수부지이거나 트러블, 민감성 피부이신 분들은 한번 써보셔도 좋을 것 같습니다!",5,2020.04.04
346,와 너무 좋아요. 앰플을 바르고나면 피부가 부들부들해지는 느낌이에요. 꾸준히 바르면 피부가 좋아지겠죠? 열심히 사용해볼게요,5,2020.04.07
347,"촉촉한 느낌인듯해요. 파부가 예민한 타입이라, 열심히 써보려구여. 수고하세요~~ 차후에 다시 리뷰 남길께요.",4,2020.04.06
348,"트러블에 효과가 좋은 건 당연!!하고 미세먼지, 마스크 착용으로 인해 민감해진 피부를 진정시켜주는데도 탁월해요~ 꾸준히 자극없이 순하게 케어하고 싶은 분들에게 추천드려요! 꾸준히 사용하면서 진가를 느낀 안쓰면 불안해서 쟁여놓고 맨날쓰는 제품이에요!",5,2020.04.05
349,진정효과 만 믿고 쓰고 있는제품입니다 간지럼을 많이타서 잘긁는데 필수탬입니다 아들은 여드름때문에 쓰라고 줬습니다 앰플이 한방울씩 전체 바르고도 남고 하얀 뾰루지에 쓰고있고 간지러운데 쓰고있어 도움이 됩니다,5,2020.04.05
350,"쓴지 4일..아침저녁으로 쓰는데, 수딩앰플이래서 봄철 보습으로 샀어요. 근대 크게 다른점은 모르겠네요. 평하기엔 아직 이른가봐요. 중학생 딸이 한번 발랐다가 뒤집어졌어요. 아이들은 쓰면 안되요.",3,2020.04.03
351,앰플치고는 끈적하게 농축되어 있는 느낌은 덜한데 그래도 깔끔하게 발려서 좋네요 답답하지않고 겹겹으로 바르기 좋은것 같아요 전에도 사용하던건데 이번에 세일해서 추가로 쟁여둘려고 구매했네요^^,5,2020.04.03
352,예전에 샘플 써보고 좋았던 기억은 있었는데 트루케어 좋은 건 알지만 행사를 안하니 구입을 잘 안하게 되더라고요. 그런데 이번에 50%행사 하길래 냉큼 두 개나 구입했어요. 이 제품은 가볍지만 보습은 좋은 편이고 성분도 좋아서 꾸준히 사용하면 피부가 좋아질 것 같아요.,5,2020.04.03
353,생각보다 크기는 작았는데 확실히 앰플바르니까 민감하게 올라온 여드름이 조금 가라앉는게 보입니다 계속 사용하면 큰 도움이 될 것 같아요!,5,2020.04.03
354,여드름때문에 샀는데 성분도 좋고 산뜻해요 아작 효과는 잘 모르겠지만 이니스프리니까 좋을것 같아요,4,2020.04.03
355,맘에 들어요 좋아요! 순한 거 같고 진정도 잘 되는 거 같아요 너무 맘에 듭니다!!,5,2020.04.02
356,피부가 예민해서 잘 못 바르면 바로 화이트해드 올라오거나 피부가 붉게 되는데 그런것 없네요 르션 에센스도 같은 라인으로 사서 사용했는데 피부결도 정리되고 피부톤도 조금은 밝아 진거 같아요,5,2020.04.02
357,2주 써봤어요. 특별한 변화는 잘 모르겠어요. 피부에 잘 맞긴 하지만 좁쌀트러블에 효과적이진 않아요,3,2020.04.02
358,왜.... 인기 있는지 .. 알겠어요 ㅋㅋㅋ 진짜 효과 좋네요!!♥★♥★,5,2020.04.04
359,쓴지 4일만에 엄청 좋아졌어요 물같아서 히알루론산 들어간거치고 촉촉한 느낌이 없는데 트러블 볼에 4개 올라오던게 없어졌어요 피부결 정리도 잘 되는것 같고 거칠거칠한게 부드러워졌어요 트러블 흔적은 없지만 여드름 올라오는 피부에 진정효과는 확실한 것 같습니다,5,2020.04.03
360,극찬하길래 구매해봤어요. 샘플이 미리 들어있어서 그것부터 사용해볼수있는 큰 장점! 요즘 속건조와 피부결정돈이 필요할거 같아서요 ~ 되게 작고 귀여운 패키지ㅋㅋ,4,2020.04.02
361,사용하면 피부홍조나 트러블들이 진정되어서 항상 사용하는 제품입니다 좋아요!,5,2020.04.02
362,트루케어 라인을 좋아해서 한번 써봤는데 순해서 좋아요. 가격이 조금 부담되서 자주 못쓰는게 아쉽지만 효과는 좋은것 같아요,5,2020.04.02
363,첫 느낌은 용기가 넘 깔끔하고 위생적으로 보였어요^^ 전 이니스프리를 좋아하는 이유 중엔 용기도 한몫하거든요 너무 화려하거나 그런 화장품은 부담스럽기도 하고 왠지 내용물보다 겉모습에 더 신경쓴 느낌이라서 별루예요ㅋ 우선 진정 앰플을 산 이유는 요즘 갈바닉을 하고 있어서 여러가지 앰플을 써보고 있어요~~그러다 요 AC진정 앰플을 발견했죠 ㅋㅋ 세일까지 하고있어서 바로 주문해서 받자 마자 그날 저녁 부터 사용 하고있는데 ...갈바닉으로 흡수 시키지 않아도 잘 스며들어 너무 촉촉한 느낌이고 뭔가 피부 관리 받고나온 ? 그런 상태? ㅋ 그정로 넘 괜찮은 앰플입니다 ^^,5,2020.04.02
364,저의 이니슾 최애 제품이에요! 트루케어 라인은 저에게 다 잘 맞는데 특히 진정앰플은 진짜 갑오브갑!! 최고에요!! 트러블이 올라왔을 때 앰플로 스킨팩 해주면 그 다음날 싹 가라앉고 매일 꾸준히 바르면 피부도 보들보들해져요! 이번 세일 때 많이 쟁여뒀습니당ㅎㅎ,5,2020.04.01
365,피부가 환해지고 좋아지는 느낌이에요 저번에 1000원 주고 사서 쓰고 너무 좋아서 다시 구매했어요,5,2020.04.01
366,흡수력이 정말 좋아요 얼굴에 트러블이 많이 올라올 때 항상 쓰는데 진정 효과가 아주 좋습니다!,5,2020.04.01
367,빅세일때 사서 저렴하게잘샀어요 효과 좋구요 다쓰면 또 쓰고싶습니다 텍스쳐는 묽고 산뜻한데 수분감 아주좋아요,5,2020.04.01
368,행사 때 사서 써보고는 두 번 째 구매입니다~ 촉촉하고 좋아요! 진정에도 도움됩니다.,5,2020.03.31
369,가격도 저렴하고 순하고 촉촉하니 좋아요.ㅎㅎ배송도 빠르네요. 몇통째인지 몰라요.재구매의사 잇음요ㅎㅎ,5,2020.03.31
370,와 이거 너무 좋아요!! 안맞으면 환불문의하려고 샘플부터 썼는데 완전 좁쌀때문에 완전 고생하는데 좁쌀에도 좋아요!!,5,2020.03.31
371,아직 사용전이지만 평이 좋아 기대하고 있습니다 계절이 바뀌니 유용하게 잘 쓸것 같아요,5,2020.03.31
372,세일기간에 저렴해서 처음으로 구매해봤어요. 일단 앰플가격으로 완전저렴으로 구입해서 만족하구요. 4개입으로 귀엽게 구성되어있구요. 샘플도 같이 동봉되어있어 저녁세안후 사용해보니 향은 전혀없구요. 피부에 매끈하게 스며드는게 사용감이 좋아요. 향은 좋아하는사람들은 향이없어 아쉬워할수도 있을듯,4,2020.03.30
373,제형은 거의 물 흐르는듯한 제형이고요 향은 없어요 그래서 그런지 금방 스며들어요 꼭 앰플사용하고 다음으로 크림 덧 발라야할것같아요 아직 1번밖에 안 써봐서 꾸준히 써봐야지 알듯해요,3,2020.03.30
374,묽은 제형이에요 스포이드 타입이라 쓰기 편하네요 피부가 좀 나아지길 기대합니다,5,2020.03.29
375,피부가 민감하고. 붉은 홍조로 진정앰플을 사용해보았는데 맑은 리퀴드로 한번의 스포이드로 볼ㆍ이마ㆍ턱등 떨어뜨려 빠르게 발라야 얼굴 전체적으로 흡수됩니다. 각질과수분과 함께 피부결을 부드럽게 도와주는 앰플입니다. 피부가 수분으로 채워져 맑은 청량한 모습을 보고 감동을 주네요~ 흡수가 넘 잘되고 세안후 피부의 촉감이 부드럽네요~ 사용팁은 판테놀스킨으로 수분을 충전하고 진정앰플을 한번의 스포이드로 얼굴전체적으로 한방울 떨어뜨리면 충분히 잘 발라지네요~ 그다음에 브라이트닝포어 에센스 바르면 완벽한 기초라인 수분 충전 완성 입니다.,4,2020.03.28
376,앰플 후기가 좋아 사용해볼까 고민했었는데 세일하길래 주문했습니다! 함께 동봉되어 온 샘플 이틀째 사용하고있는데 트러블 진정은 아직 잘 모르겠지만 피부결이 좋아진듯한 느낌은 있어요! 꾸준히 사용해보겠습니당ㅎㅎ,5,2020.03.28
377,이 제품은 벌써 4번? 5번째 구매했는데 물 에센스라 가볍게 쓰기 좋아요! 그리고 판테놀 성분이 피부 재생효과가 있다고 해서 꾸준히 쓰고있는데 무난무난하니 쓰기좋아요 근데 이 제품만 단독으로 사용하면 건조해서 꼭 크림을 발라줘야해요,5,2020.03.28
378,순하고 스킨바르고 7스킨 귀찮아서 이거로 뿌리는데 촉촉하고 좋아요^^ 그리고 안개분사로 아주 골고루 뿌릴수 있어요~~,4,2020.03.29
379,샘플 써보고 좋아서 구매해요. 트루케어 라인은 다 좋아요 순하고 자극없구요,5,2020.03.28
380,작아서 갖고 다니면서 사용하기 편해요. 예전에 샘플링 했을 때 써보고 좋았던 기억이 있어 주문하게 됐어요. 기대됩니다.,5,2020.03.28
381,50% 할 때 쟁겨놓으려고 두 개 샀어요 ^^ 이전에 산거 앰플 2개 반 써본 결과 진정효과는 있는거 같아요 여름에는 냉장고에 넣어두고 쓰면 효과적일거 같아요!,5,2020.03.27
382,여름에 필수예요. 땀날 때도 이걸로 닦아주면 쾌적하고 향기나서 좋습니다.,5,2020.03.27
383,늘 꾸준히 사용하는 제품이예요. 가벼운 제형이라 흡수도 빠르고 자극도 없어서 좋아요. 작은병에 스포이드 방식으로 들어있어서 위생적으로 사용하기도 좋고 휴대하기도 편해요.,5,2020.03.27
384,이거 쓰고 피부 좋아진 것 같아요! 트러블 진정도 된 것 같고 소용량이라서 들고다니기도 편하네요,5,2020.03.26
385,점성이 적은 물제형이라서 금방 스며드는 느낌이라 끈적임이 없어서 좋아요. 평소에 세일을 안 하는 라인이라서 세일기간을 노리지 않으면 비싼 느낌이지만요.,4,2020.03.25
386,환절기나 트러블 생겼을 때 생각나는 제품이에요! 토너로 피부결 정리해준 다음 앰플 발라주면 다음날 진정된게 보여요 떨어지기 전에 재구매하는 제품입니다,5,2020.03.25
387,촉촉하니 좋아요~! 향도 안나서 냄새에 민감한 분들이 써도 괜찮을것 같아요,4,2020.03.19
388,눈에띄는 효과가 보이진 않지만 안쓰면 또 피부결이 안좋아지는것같아요,4,2020.03.16
389,비싸지만 여드름 난 딸이 원해서 구매했어요. 아이 스스로 관리하니 편해요.,4,2020.03.14
390,제형은 묽은 스킨같으나 바로 흡수됩니다 바르면 시원한것 같이 열감도 진정되는것 같고 산뜻하니 가벼운 앰플,5,2020.03.14
391,굉장히 물같은 제형이라 얼굴에서 떨어지기 전에 아주 빠르게 발라줘야합니다.....보습력은 거의 없구요 딱히 효과를 보진 못했습니다....그냥 세트로 구매했기때문에 아까워서 쓰고 있어요....,3,2020.03.13
392,작은 용기보다 그냥 큰 용기에 하나 들어가는게 환경에도 좋을거같아요. 생각보다 너무 작아서 놀랬지만 열심히 써보려구요,3,2020.03.12
393,착한성분이라고 디렉터파이님께 추천받아서 구매했습니다 동생 선물주려고 두개 구입했네요 일단 써보고 좋으면 계속 쓸예정이예요^^,5,2020.03.12
394,진정 기대하고 샀는데 크게 효과는 없었어요 아쉽지만 무난한 제품,3,2020.03.11
395,병이 너무 귀여워서 양이 너무 적은거아닌가싶었는데 막상 써보니 은근 오래써요. 무난하게 좋아요,4,2020.03.11
396,배송이 너무 빨라요~ 촉촉한 느낌이 계속되서 너무 좋습니다~,5,2020.03.07
397,저한테는 너무 안맞았어요. 겉보습은 해결되는데 끈적하고 속은 오히려 당김,1,2020.03.06
398,발림성이 마음에들고 촉촉해요. 트러블이 들어갈지는 아직 모르겠지만 효과있었으면 좋겠네요,5,2020.03.11
399,이벤트할 때 받았어요 가볍고 좋은데 재구매는 모르겠어요,4,2020.03.06
400,진짜... 꼭 쓰세요 전 이거 출시 때부터 시작해서 진짜 9박스 넘게 비웠는데요 피부과 다녀도 답 없던 피부 얘가 살렸어요 앰플이긴 하지만 주르륵 물처럼 흐르는 제형이기 때문에 저는 세안 후 첫번째로 바르구요 이후에 수분크림 같이 발라줍니다 근데 수분크림 바른 건 얼마 안 됐고 피부 좋아진 건 진짜 얘 덕분!!!!!!!! 출시 때 파우치 샘플 열 장 주는 이벤트 때 받아서 쓰고 바로 결제함 제발 쓰세요 진짜 좋음 ㅠㅡㅜ,5,2020.03.06
401,"피부결 정돈으로 좋아요. 한번도 안써본사람은 있어도 한번만 쓴사람은 없을것 같은 앰플! 처음 출시됐을때부터 앰플은 꾸준히 구매해서 쓰고있어요. 가격이 저렴한 편은 아니지만, 그만큼 피부진정이나 피부결정돈에 효과가 너무 좋아서 구매하지않을수가 없네요 !진짜 좋아하는 앰플이에요.",5,2020.03.05
402,끈적이지 않고 바로 흡수되어 지성피부도 잘 쓸수 있어요.,5,2020.03.03
403,믿고쓰는 이니스프리 ! 여드름 진정에 많은 도움이 되었습니다 !,4,2020.03.02
404,자극적이지 않고 진정용으로 좋아요 많이 묽은게 좀 아쉬워요,4,2020.03.02
405,속피부가 촉촉해지는 느낌이에요. 물 같은 제형이라 가볍지만 건조하지 않아요.,4,2020.03.01
406,민감한 피부인데 바르고 나서 자극도 느껴지지 않고 좋았습니다.,3,2020.03.01
407,진정시킬 때 사용할 수 있어서 만족합니다,4,2020.03.01
408,트루케어 라인 넘 좋아요. 물처럼 주르륵 흐르는 제형이지만 스포이드로 얼굴에 바로 흘려 두드려주면 흡수가 잘되요. 예민해서 트러블 자주 일어나는데 좀 덜 일어나고 잘 가라앉는 것 같아요.,5,2020.02.29
409,자극적이지않아 좋은것같은데 너무 스킨처럼 흐르는제품이라 가격은 비싸도 효과가 있는건지 잘모르겠어요,5,2020.03.04
410,트루케어 라인은 저의 인생템이에요! 특히 진정앰플은 매일 사용하면서 피부 상태가 안 좋으면 화장솜에 적셔서 팩으로 사용합니다. 핍피부 컨디션 회복에는 최고에요! 물 제형의 에센스라 흡수도 아주 잘 됩니다ㅎㅎ,5,2020.02.28
411,아직 샘플만 써봐서 효과가 있는지는 모르겠지만 계속 써보려구요~~~,4,2020.02.27
412,피부 트러블 올라올때 정말 바로 진정효과 봤어요 그리고 용량도 10ml씩 나누어져있어서 사용하면서 괜히 안심되는 제품이에요 여름엔 냉장고에 넣어놓고 쓰면 수분 잡아주면서 진정효과 톡톡히 봅니다 개별 포장 할인해서 싸게 구입했네요,5,2020.02.24
413,벌써 5번이상 구매하는 애정템이예요 이것만발라도 산뜻하고 촉촉합니다 좋아요,5,2020.02.24
414,같이 보내주신 샘플로 먼저 이틀 사용했는데 아직까진 트러블은 없고 순한것 같아서 기대중이에요.,4,2020.02.24
415,피부가 뒤집어 젔었는데 트루케어 AC앰플 쓰고 진정 됐어요 !! 진정에 최고 !! 트러블도 잘 안올라옵니다,5,2020.02.23
416,피부가 예민한 편이어서 보통 순한 스킨케어 제품을 발라도 빨갛게 올라오는 경우가 많았는데 이 제품을 바른 후로 빨갛게 올라온것도 진정이되었고 피부가 더 깨끗해지고 좋아진것같아서 너무 좋았다 계속 사용할 계획이다,5,2020.02.23
417,"딱 바르자마자 촉촉하게 수분충전되는 느낌이 너무 좋아요. 요즘 부쩍 피부에 붉은 기가 많이 생기고 푸석푸석했는데, 이거 쓰고 나서인지 난리났던 제 피부가 조금씩 가라앉고 있는 것이 느껴져요. 역시 이니스프리 트루케어라인 믿고 씁니다!!! 앞으로도 꾸준히 매일 잘 사용하려구요!!!^^",5,2020.02.24
418,트루케어 늘 잘사용하고있어요 쉽게 단종되진 않을 제품이라고 생각할정도로 좋아요. 가격이 좀더 착해졌으면하네요.,5,2020.02.24
419,매번재구매제품이에요 촉촉하고 트러블에도약간효과가있는거같아요,5,2020.02.24
420,5번은 넘게 구매한거같아요! 답답한거 싫어하는데 가벼워서 여름에 스킨바르고 쓰기 좋고 다른건 모르겍는데 피부결이 좋아져서 게속 써요~,5,2020.02.23
421,작지만 부드러운 친구 진정효과와 함께 수정메이크업중간에 진정&수분보충용,4,2020.02.22
422,30% 할인해서 평소에 써보고 싶었던 제품 용기내서 사봤습니다. :) 아직 샘플 하나만 사용해봤는데 평소 사용하는 에센스보다 진짜 묽네요. 그래서 가볍고 여름에 사용하기에 좋을거 같아요. 평소에 여드름이랑 붉은기가 고민인데 여름에 사용했을때 눈에 띄는 진정효과가 있었으면 좋겠어요!,4,2020.02.20
423,두달마다 구입해서 너무 잘 쓰고 있는 제품이에요^^,5,2020.02.20
424,싸게 잘 구매했어요 써보고 좋으면 재구매 하려구요,5,2020.02.18
425,피부가 민감해져서 진정 라인 찾고 있다가 트루케어 라인 쓰고 있습니다. 엄청 물처럼 흐르긴 합니다. 촉촉해요!,5,2020.02.17
426,음 이거는 제가 가끔 뾰루지가 올라왔을때 쓰려고 적은용량이라 마음에 들어 구입했는데요~! 마침!!!!뭐지???? 몇년만에 턱드름이 네다섯개나 생긴거에요ㅠㅠ 그래서 이걸 뜯었는데.... 읭? 앰플인데 완전!!! 물처럼 뚝뚝 떨어져서ㅠ 얼굴에 올리면 안되겠더라구요ㅠ 손바닥에 덜어써야되요....넘나 물이고요.... 효과도 그닥 잘 모르겠어요 ㅋㅋㅋㅋ 진정되길 바라며 매일 쳐발쳐발 했는데 딱히 효과가 있구나 하는 느낌을 못받았어요ㅠ 트루케어라인 알라토인에센스는 완전 이게 바로 유수분밸런스구나! 를 알게 해주는데 이건 트루케어라인인데도 실망이었습니다...,3,2020.02.17
427,두번째 구매입니다!! 이유 모를 트러블이 생길때 집중관리하기 좋습니다. 트러블은 안좋지만 제품 효과가 좋아서 기분이 오락가락하네요 :),5,2020.02.16
428,항상 쓰던 제품이라서 믿고 사용중입니다 드라마틱한 효과는 아니지만 사용 후에는 피부가 진정되는걸 느낄 수 있어요,5,2020.02.11
429,동생트러블때문에 주문했는데 더 많이 사서써봐야될것같아요!,4,2020.02.11
430,피부가 좋아지는거 같아 비싸도 계속 쓰게되네요 딸이 꼭 챙기는 필수템,5,2020.02.10
431,최고봉인 아이예요... 진정엔 이만한.아이가 없어요... 민감할때 베이스로 촉촉히 바르고 나면 뾰로지도 좁쌀도 사르르~ 시카제품전에 바르면 효과 백배입니다.,5,2020.02.09
432,트루케어 AC 진정 앰플 피부에 자극이 없고 촉촉해서 구매했어요.,5,2020.02.04
433,트루케어 라인은 성분도 좋고 순해서 잘 사용중이예요,5,2020.02.04
434,네이밍처럼 왠지.피부가 진정이되는 느낌. 뾰루지작은게있있는데.몇일 발랐더.사그라들었네요,5,2020.02.04
435,피부결 정돈에 최고!! 피부결 매끄러워지는데 제대로 효과봐서 이제 이걸 안쓸수가 없어요 ㅠ.ㅠ 트루케어라인 너무 좋은데 온라인전용에 할인 잘 안한다는 점이 아쉬움 ㅠㅠㅠ 민감성 피부인 저한테 너무너무 좋은 제품이에요! 피부염 올라와도 이건 자극 없더라구요,5,2020.02.03
436,말할필요없는 제품이예요 끈적이지않고 촉촉한 앰플이라 맘에들어요,5,2020.02.03
437,물처럼 흐르는 제형이고 발랐을때 끈적임 없이 산뜻해요. 여드름 뾰루지 등 피부 뒤집어졌을때 발랐는데 이삼일정도 걸려서 거의 다 진정되더라구요,5,2020.02.03
438,오우 오우 너무좋아요 너도 나도다함께 사용하는제품 입니다,5,2020.02.02
439,스킨같은 제형이라 빠르게 흡수되고 끈적거림이 없다는 점이 좋네요. 특히 뾰루지 올라왔을때 진정 앰플 발랐더니 빠르게 가라앉았어요. 만족합니다~,5,2020.02.02
440,피부가 트러블이 일어나지 않고 있어요.,5,2020.02.01
441,바르면 촉촉하고 향도 강하지 않아 좋아요,5,2020.02.01
442,설때 시골 다녀와서 건조하고 거칠어진 상태에서 발라보았는데요 담날 피부가 어찌나 촉촉하고 부드러운지 잘 정돈되고 안정된 느낌에 만족합니다 아껴쓰고 있어용~~,5,2020.02.01
443,"트루케어 라인으로 전부 교체하고 엄청 만족하고 있는데, 앰플 제형이 스킨이랑 똑같이 묽은 제형이라 아쉬워요 ㅠㅠ 스킨 후 사용하면 스킨만 두번쓰는 느낌입니다. 스킨 에센스만 썼을때에도 피부의 변화가 느껴져 앰플 추가사용으로 더 큰 만족도는 없는 것 같이 느껴져 아쉬워요.",3,2020.02.01
444,붉은기가 있는 피부인데 좀 심하게 올라온 전날 밤이 바르고 자면 다음날 붉은기가 싹 가라 앉아 있어요 아주 좋아요,5,2020.02.01
445,기대보다는효과잘모르겟어요.ㅜㅜ 좁쌀이올라와요,3,2020.02.01
446,앰플이라 확실히 좋더라구요!강추예요,4,2020.02.01
447,좋은 가격에 구매할 수 있어 좋았고 민감피부 진정에 좋다고 하니 잘 사용할 것 같아요. 다만 양이 흔히 볼 수 있는 디럭스 샘플 크기만해서 처음 받아서 열어보고 좀 놀랐네요..,4,2020.01.31
448,트루 케어 AC 진정 앰플 특가로 저렴하게 삿어요!,4,2020.01.30
449,촉촉한데 세럼치고 많이 묽은게 아니라 약간 뭔가 좋은 성분들이 응축되어 있는 것 같은 느낌이 좋았어요~바르고 나면 시원하고 촉촉한게 향기까지 좋네요:),5,2020.01.31
450,트러블 부위에 바르면 진정 효과가 좋아서 꾸준히 쓰고 있습니다. 용기가 너무 작아요~~~ 크게 좀 늘려주세요~~~!!!,5,2020.01.30
451,이거 쓰그 좁쌀 여드름 많이 없어졌어요!! 스킨같은 제형인데 양이 작아서 얼굴 전체에는 못바르고 트러블 많이 나는 턱쪽에 바르고 있습니다. 큰통으로 양 좀 늘려주세요~~,5,2020.01.30
452,드디어 받았습ㄴ다 저형은 많이 흐르는 액체입니다 여행할때 갖고 다니기 좋습니다,5,2020.01.30
453,아직 다 쓰지 않이 효능은 잘 모르겠어요 제형은 많이 흐르는 액체로 향이 진하지 않아서 좋아요 여드름에 계속 써볼께요,4,2020.01.30
454,트루케어 러인 중진정 앰플은 처음 써봤어요~ 트루케어 로션이랑 크림이 잘 맞아서 앰플도 시도해본건데 자극없이 좋았습니다~! 끈적임없이 잘 흡수되고 촉촉해요!,5,2020.01.29
455,너무 너무 너무 만족입니다 엠플이 찐득이지 않네요 최고!!!!,5,2020.01.29
456,너무 오일리하지 않으면서 보습효과 있어서 가끔 구매해서 사용합니다. 할인가로 잘 샀어요.,4,2020.01.28
457,샘플신청해서 사용해봤습니다 일단 기름지지않고 산뜻하게 흡수해서 좋았고요~ 겉돌지도 않고 요거 물건이네요!!!! 가격적인 면에서만 조금더 착하면 구입하고싶어요,5,2020.01.29
458,"쓰기 무난한거 같아요!! 샘플 써보고 크게는 모르겠., ㅎㅎ ^^b",4,2020.01.28
459,처음에는 촉촉하다는 느낌이 있었는데 앰플 바른뒤 로션을 바르는 시간 텀이 1분정도 있었는데 건조해지는 느낌을 받았어요,3,2020.01.28
460,정말 미세한 안개분사에요. 촉촉하게 뿌려지는걸 원하시면 좀 아쉬울 수 있어요. 뿌리고나서 금방 건저해지지 않아서 좋아요.,3,2020.01.27
461,바르고난 다음날 눈에 띄게 진정이 된게 보여서 좋았어요. 흐르는 묽은 제형이라 그런지 흡수도 잘되고 발림성도 좋았어요.,5,2020.01.27
462,물처럼 맑고 가벼워서 흡수가 빨리 잘 돼요 순하지만 화이트헤드정리가 싹 되는 기분이구여 바르고 나면 얼굴이 환해져요,5,2020.01.26
463,스포이드 타입이라 사용하기도 편하고 흡수도 좋아서 잘사용하고 있어요~~,5,2020.01.25
464,토너처럼 묽은 타입이라 흡수가 빨라서 좋아요. 양은 적지만 산뜻한 마무리감이라 자주 사용하고 있어요😺,5,2020.01.24
465,천원 득템 했어요^^ 꾸준히 사용중인데 맘에 들어요~ 언니가 사용하고 좋다고 추천해줘서 저도 꾸준히 사용하고 있어요^^,5,2020.01.24
466,나의 데일리템 .. 나온뒤로 거의 꾸준히 사용중이예요.. 요번 천원 이벤트에 득템했네요 ㅋ 너무 물 제형이라 바를때 좀 불편함은 있지만 정말 지금까지 꾸준히 사용하는데 잘은 모르겠지만 피부결이 좋아지는거 같기도.. ㅎㅎ 세수하고 났을때 피부를 보면 매끈한게 꼭 이제품 때문이라고 할 수는 없겠지만 암튼 전 만족하면서 사용중이네요 ^^,5,2020.01.24
467,천원에 파는 행사하길래 구입해봤는데 생각보다 엄청 작은 로션 샘플만한 크기라 놀랐어요. 성분은 착하고 가볍게 발리고 피부에 흡수가 빠른 것 같아요. 작고 휴대가 간편해서 여행용으로도 좋을듯합니다.,5,2020.01.24
468,피부 컨디션이 좋지 않을때 추가해서 바르고 있어요.,5,2020.01.22
469,저는 그냥 그랬었던것 같아요. 효과가 그닥...,3,2020.01.22
470,흡수도 빠르고 트러블이 없어서 좋은거 같네요~^^,5,2020.01.22
471,촉촉하고 건조함을 없애줘요 좋습니다 ㅎㅎ,5,2020.01.22
472,피부가 진정되고 피부가 안정되어서 좋아요 쓰고나면 피부가 나아지는것 같아요 좋아용~♡♡,5,2020.01.22
473,스키니라이너를 선택했는데ㆍ앰플이 나오네요 스키니라이너는 좋아요 부드럽고 그리기가 편합니다,5,2020.01.22
474,저렴하게 구매해서 한번 테스트 해볼려구요^^,5,2020.01.21
475,앰플이 10미리여서 작을건 예상했어요 다른데는 큰병에 조금넣어주던데 여기는 맞는예쁜병에 담아오니 낭비되지않고 좋네요 제품이 좋은지는 더써봐야 알것같아요:),5,2020.01.21
476,한번 사용하고 만족스러워 바로 추가 주문했네요 할인할때 쟁여놓는게 좋을거 같아요^^,5,2020.01.21
477,이번에 1+1 할때 구매했는데 처음 구매라 모르고 포인트 사용하는 바람에 멍청하게 35ml 증정 못받음;;; 다른분들은 아시겠지만 혹시나 모르시는 분들은 주의하세요 질감은 완전 흐르는 투명한 물이라 흡수 잘 되고 가볍게 발림 얼굴이 진정되길 바라며 추가로 더 주문했네요 기대하고 사용 중^^,4,2020.01.21
478,쪼꼬미해요! 열어서 향 맡았는데 알코올 냄새났어요 바르고나면 금방 냄새 날아가긴해요 발림성은 가볍고 흡수가 빨라요 진정효과가 있으면 재구매갑니다,5,2020.01.21
479,잡티 케어에 도움을 받고자 신청 했어요 가볍게 발려서 괜찮아요,4,2020.01.20
480,제형은 점성이 거의 없는 스킨과 비슷합니다. 꾸준히 써봤는데 다음날 피부가 맑아진 느낌이 들었습니다. 통이 작아서 휴대하기도 좋았습니다. 그렇치만 엄청 드라마틱한 효과는 아니고 가볍게 쓰기 좋은 정도입니다.,4,2020.01.19
481,애용하는 트루케어 AC 진정 앰플! 트러블& 홍조가 정리되는 느낌에 촉촉해서 좋아요~ 꾸준히 쓰고 있어요~,5,2020.01.18
482,뷰포있어서 무배쿠폰도 준 이니스프리에서 구입했어요 생각보다 앙증맞은 사이즈이지만 여행시에도 들고가 좋을거 같아요 어제 한번써보았는데 끈적이지 않아 좋더라고요,5,2020.01.17
483,진정앰플 하나짜리로 사보고 좋아서 4개든거 구매했어요!! 지금 행사 중이라 엄청 잘산 것 같아요!!!! 다 샘플지라 약간 놀랬지만 행사 자주 했으면 좋겠어요! 이니스프리는 항상 배송이 빨라서 좋아요 :),5,2020.01.17
484,사용했던 적이 있어서 재재재구매했어요:-) 저는 이 제품이 봄가을같은 환절기나 겨울에 사용하니까 좋았어요. 피부가 건조하고 거칠어 졌다 싶을 때 요거 사용하면 피부가 매끈해져서 수분감도 더 있고 메이컵이 더 잘 먹어요!,5,2020.01.16
485,얼굴에 뾰루지가 자꾸나서 혹시나 도움될까 싶어 구매해봤어요. 일단 끈적임 넘 싫어하는데 그건 아니라서 넘 좋구요. 도움되면 세트로된거 재구매하려구요,5,2020.01.16
486,우연한 기회에 샘플을 써보고 너무 좋아서 본품도 구매했다. 특히 트러블 막 올라오고 뒤집어질때 이름 그대로 AC를 진정시켜줬다. 에너지 오일처럼 대용량으로도 나왔으면 좋겠다.,5,2020.01.16
487,"앰플이 스포이드로 되어있어서 바르기 편하고, 얼굴 결 개선에 도움되요",5,2020.01.15
488,약간 트러블 올라올 때 자기 전에 바르고 자면 그 다음날 싹 들어갑니다 너무 좋아요,5,2020.01.13
489,기대를 많이 해서인지 큰 효과가 없어서 아쉬웠어요. 일단 2개 써봤으니 다른 걸로 사보려합니다.,3,2020.01.19
490,촉촉하고 좋아요 위생적 용량으로 테스트하려고 10ml 하나만 구매했은데 넘 좋아요,5,2020.01.13
491,굉장히 흡수가 좋네요 산뜻해요 여름에 쓰기에도 좋겠어요,4,2020.01.13
492,"턱 아래, 입가주변에 좁쌀같은 트러블이 많아요. 춥고 건조하니까 각질에 트러블에ᆢ 따갑고 가렵고해서 의약품연고도 수시로 발랐는데 이 앰플은 정말 진정효과가 좋네요. 오돌도돌 붉은 좁쌀도 진정이되고, 촉촉해서 너무 좋아요. 지속 구매할것 같아요",5,2020.01.13
493,이거 온라인전용이라 테스트 매장이 한정적이여서 지나치다가 궁금해서 하나짜리 사봤는데 생각보다 좋아요!!! 쓰던 에센스 다 쓰면 이걸로 갈아탈거에요!! 묽은제형인데 촉촉하고 마무리감도 너무 끈적이지 않고 촉촉한 마무리감이라 좋아요 ㅠㅠ,5,2020.01.10
494,아직 쓰고 있는 중이어서 어떤 효과를 바로 보지는 못했어요^^ 양이 적긴 하지만 그래도 오래 쓸거 같네요! 알코올 향이 조금은 올라오는거 같아요! 트러블이 날때 그 부분에 발라줍니다^^ 좋은 효과 기대해 볼께요~,5,2020.01.09
495,촉촉하고 이거사용하고나서 트러블나는게 많이줄어서 매번사용중이에요,5,2020.01.08
496,물같은 타입이라 놀랐지만 진짜진짜 순하고 트러블은 약하게 잠재우네요.,3,2020.01.04
497,끈적이지않고 그대로 피부에 흡수되는 느낌이예요 맑고 깨끗한느낌의 앰플이예요 아주좋아요,5,2020.01.13
498,"재구매 했어요. 정말 좋아요. 이거 바르고나서 피부결이 많이 개선되었고, 같은 라인의 모이스트 리커버리 크림과 같이 발라주는데 환상의 짝궁이라 생각합니다.",5,2020.01.08
499,앰플이라고 하니까 에센스보다 효과가 더 좋을 것 같아 기대하고 있습니다.,3,2020.01.06
500,요즘 이니스프리 트루케어 라인이 순하면서도 보습감도 좋아서 애정하는데 역시 앰플도 좋네요! 세트로 구매해도 4병으로 소분되어 있으니까 화장품 신선도가 높아요. 에센스는 크리미한 스킨의 느낌이라면 앰플은 촉촉하고 투명한 물방울 모아담아 놓은 느낌이에요. 저는 앰플 먼저 발라서 피부에 보습 장벽을 다듬어 주고 추가적으로 튼튼한 보습 지붕을 얹어주는 느낌으로다가 에센스 발라주니 두배로 튼튼탄탄한 속보습감이 더해져서 좋아요! 상당히 묽은 제형이라서 왼쪽에 세방울 떨어뜨려 바르고나서 오른쪽에 세방울 떨어뜨려 바르니까 좋네요. 묽으니까 얼굴에 전체적으로 싹 다 펴바를 때에 힘주지 않아도 부드럽게 펴바를 수 있어요! 쫀득한 앰플이 아니라서 속부터 촉촉하게 다듬어주는 형태로 발리고 마무리가 진득하지 않아서 편안해요!,5,2020.01.04
501,진정이 좀 되는 것 같아요^^ 자주쓸듯해요,5,2020.01.03
502,늘 꾸준히 구매해 사용하는 제품이예요. 물같은 제형이라 끈적임도 없고 흡수가 빨라서 좋아요. 용량도 작아서 위생상도 좋고 피부가 민감할때도 진정이 잘되는것 같아요.,5,2020.01.03
503,17년에 처음 써보고 쭉 사용중입니다! 그당시에 좁쌀여드름에 효과가 너무 좋아서 반했어요 지금은 왜인지 피부가 민감해져서 좁쌀보다 다른트러블들이 많아서 그때만큼 드라마틱한 효과는 없지만 그래도 촉촉하고 순하게 진정시켜주면서 쓰기 너무 좋은거같아요,5,2020.01.03
504,건조할때 덧바를려고 구매! 미스트보다 더 촉촉해요,5,2020.01.02
505,총 2번 사용했어요 (한병씩 다른 기간에 사용해봄) 사용할 때는 피부결이 매끄러워져서 좋아요!!! 그런데 사용을 딱 끊으면 트러블이 꼭 올라오더라구요ㅡ 아마 각질정리가 잘 되다가 안되서 그런거같아요. 그래도 저는 피부결이 좋아지는걸 눈으로 봐서 또 구매할거에요:'),5,2020.01.02
506,처음 나왔을때부터 계절에 상관없이 계속 사용하고 있습니다. 이번에 20% 할인쿠폰이 있어서 더좋은 가격으로 구매하게 되었습니다. 물처럼 맑아도 촉촉해지는 느낌이 좋아서 사용합니다.,5,2020.01.01
507,흡수 잘되고좋네요 진정도 굿굿굿~!!!,5,2019.12.31
508,물제형이라 가벼워요 2달 써봤는데 아직 눈에 띄는 변화는 없어요 더써봐야알듯,4,2019.12.30
509,어떤 효과가 확 나타나는건 아니지만 그냥 꾸준히 사용하고 있어요.. 물같아서 스포이드로 떨어뜨리자마자 발라야하는 단점이 있지만 이젠 익숙해졌네요 ㅋ 온라인에서만 구매 가능하다는것도 좀 아쉬워요 ..,5,2019.12.31
510,이건 그냥 데일리템이예요.. 무조건 입니다 ㅋ 너무 물같아서 빨리 발라줘야 하는게 약간 불편하지만 그냥 저는 계속 꾸준히 사용중이예요..,5,2019.12.29
511,뽀부리 날때 가끔 바르는데 괜찮은거 같아요 계속 써봐야 할거 같아요,4,2019.12.22
512,크기도 귀엽고 저렴하니 쏙쏙 쓰고 버리기 좋아요 가볍게 잘 발려요,5,2019.12.17
513,닦토로 피부를 정리해준 다음에 앰플로 톡톡 묻혀서 해주니 쫀득쫀득해지는 느낌이 들어요. 앰플을 발라주고 난 다음에는 트루케어 크림으로 스킨케어를 해주니 너무나 좋아요. 피부트러블이 있었는에 이렇게 발라주면서 많이 진정되었어요.,4,2019.12.17
514,트러블이 심한편이라서 진정용으로 써봤는데 엄청 좋은지는 잘 모르겠더라구요~진정은 모르겠고 더 심해지진 않았어요,4,2019.12.17
515,트루케어 진정 앰플 효과 좋아요~ 추천!,5,2019.12.15
516,적당히 잘 흡수되고 좋아요 작게 나누어져있어서 빨리 쓴 느낌,4,2019.12.14
517,데일리하게 사용할 수 잇는 앰플이에요! 흡수가 진짜 잘되고 끈적이는 느낌이 없어서 너무 좋았어용 ㅎㅎ,5,2019.12.21
518,"정말 물처럼 흐르는느낌이고, 흡수력도 좋습니다! 악지성이라 오일 조금만 들어가있어도 못쓰는데 잘쓰고 있습니다! 처음 주문했을땐 정말 신세계였어요!",5,2019.12.19
519,로드샵 앰플답지않게 굉장히 고급스러운 느낌이에요,5,2019.12.14
520,소용량 개별포장되어있어서 정말 위생적이에요~,5,2019.12.14
521,작은사이즈 4개라 뭔가 샘플을 돈주고 산기분인데 총용량을보면 은근 많아요. 소용량이라 훨씬 위생적인 느낌이고 효과도 넘 좋아서 이니 최애템이예요,5,2019.12.14
522,진정앰플이라서 사용감도 좋고 트러블 없이 잘 사용중입니다..,4,2019.12.12
523,피부가 건조할때 바르는 제품이 예요 이거 바르고나면 좀 더 피부가 건강해지는 느낌을 받아요~,4,2019.12.10
524,보습까진 기대하기 어렵지만 적당한 수분감과 피부 진정에 좋아요,5,2019.12.06
525,용량이 작고 비싼 감은 있지만 진정효과 있는 것 같아요.,5,2019.12.03
526,메마른 피부의 수분길을 열어 촉촉하고 맑은 수분으로 채워주는 수분 영양,1,2019.12.02
527,메마른 피부의 수분길을 열어 촉촉하고 맑은 수분으로 채워주는 수분 영양,1,2019.12.02
528,무겁지않고 산뜻한앰플입니다. 그렇지만 촉촉하고 다른제품바를때 밀릴걱정없어서 화장전사용해요,5,2019.12.02
529,민감성피부인데도 자극없이 괜찮아요 수분앰플로 나쁘진않네요,4,2019.12.02
530,피부가 민감한날 앰플 발라주면 조금은 진정되는것같아요,4,2019.12.01
531,트루케어 라인 좋아해서 앰플도 주문해봤어요~,5,2019.12.01
532,"앰플 좋아요. 한꺼번에 있어서 편리하네요 ,가격빼고..",3,2019.12.01
533,앰플이라서 에센스보다는 더 쫀쫀하고 좋아요,3,2019.12.01
534,앰플 많이 들어서 좋은데 가격은 별로..ㅋㅋㅋㅋㅋㅋ,3,2019.12.01
535,앰플이 빠르게 수분감을 충전해주어서 조항요,3,2019.12.01
536,피부가 민감해졌을 때 부터 꾸준히 써오고 있는 제품이예요. 제형이 물같아서 매우 순하고 피부는 건강해지는 느낌이라 만족해요.,5,2019.12.01
537,정말 진정효과 좋아요~^^ 뒤집어쓸때 쓰면 바로 가라앉음,5,2019.11.30
538,촉촉하고 발림성이 좋았어요. 무난하게 바르기 좋아요.,5,2019.11.29
539,11 트러블 전용이든 안티에이징 제품이든 제품 바르고 어느정도 흡수되고 나서 끈적이거나 번들거리거나 하는 잔여감 남는 느낌을 안 좋아하는데 트루케어 AC 진정 앰플은 아무렇게나 치덕치덕 발라도 금방 흡수되고 마무리감이 끈적이지 않아 좋아요! 에센스 단계에 바르라고 적혀있는데 어느 단계에 사용해도 다른 스킨케어 제품과 섞여 끈적이거나 밀리는 느낌도 없었어요! 22 아주 정직한 무색무취! 물같은 순하디 순한 자극 없는 투명 액체 제형이라 트러블 피부에 닿아도 따끔은 커녕 발랐나? 싶을 정도로 무자극 제품이에요!! 바쁘고 피곤한 기간이라 스킨케어는 커녕 피부가 예민해져 어떤 제품 사용해야 되나 고민했던 시점에 받게 된 제품이라 아주 잘 사용했어요! 자극없이 수분 채울 때 좋아서 앞으로도 잘 사용할 것 같아요!!,5,2019.11.25
540,진정효과 좋고 가볍고 빠르게 흡수되는건 좋아요,3,2019.11.21
541,저녁에는 화장지우고 난다음에 열이 오르거나 피부가 자극받아서 붉어지는데 이 앰플 발라주면서 진정시켜줍니다 성분도 순하고 촉촉한 마무리가 되서 수분케어도 되는것같아요,4,2019.11.11
542,물처럼 흐르는제형으로 스킨같아요 가볍게 쓰기는 좋아요ㅔ,3,2019.11.10
543,환절기 건조하고 들뜨는 얼굴~~ 좁쌀처럼 올라오늘 트러블들~~ 진정앰플로 싹 잡았어요 4개씩들어서 써보려고 1개 판매하는 이벤트때 샀어 썼는데 4개짜리 재구매 예정이에요 넘 좋음^^,5,2019.11.10
544,아직 안써봤는데 좋을거같아요 기대중입니다,5,2019.11.07
545,트러블도 안생기고 사용감이 너무 너무 좋아요. 건조한 날씨에 너무 사용하기 좋아요..,5,2019.11.05
546,"1개만 먼저 구매해서 사용해보니, 촉촉하고 좋아요",4,2019.11.05
547,작아서 가지기다니기 좋아요 귀엽습니닿ㅎ추천해요,4,2019.11.05
548,트루케어라인에서 나온 앰플이라 역시 좋아요.,4,2019.11.03
549,각질이 쌓이면 모공 내 피지와 노폐물이 제대로 배출되지 못하고 갇히게 되면서 화이트헤드와 같은 피부 고민들이 발생합니다. 앰플은 막혀 있던 모공을 열어 수분으로 꽉 채운 뒤 피부 보호를 도와 피부 고민의 원인을 케어,1,2019.11.03
550,각질이 쌓이면 모공 내 피지와 노폐물이 제대로 배출되지 못하고 갇히게 되면서 화이트헤드와 같은 피부 고민들이 발생합니다. AC 진정 앰플은 막혀 있던 모공을 열어 수분으로 꽉 채운 뒤 피부 보호를 도와 피부 고민의 원인을 케어,1,2019.11.03
551,사실 둔해서 피부가 좋아지는지 뭐가 다른지 몰라요. 그냥 심리적 안정감용으로 사용합니다. ㅋ,5,2019.11.02
552,프로폴리스 히알루론산 판테놀 성분이 맘에 들고 사용감도 좋아요 각질 수분 피부장벽 케어에 물제형 앰플이라 가볍고 산뜻하게 흡수되면서도 매끈함과 영양감이 남네요 여름에 에센스나 크림 대용으로도 좋겠어요,5,2019.11.01
553,불필요한 성분은 빼고 천연 유래 성분은 높여 유효 성분만을 최적 배합한 순수 피부 지향 포뮬라,1,2019.11.01
554,불필요한 성분은 빼고 천연 유래 성분은 높여 유효 성분만을 최적 배합한 순수 피부 지향 포뮬라,1,2019.11.01
555,불필요한 성분은 빼고 천연 유래 성분은 높여 유효 성분만을 최적 배합한 순수 피부 지향 포뮬라,1,2019.11.01
556,불필요한 성분은 빼고 천연 유래 성분은 높여 유효 성분만을 최적 배합한 순수 피부 지향 포뮬라,1,2019.11.01
557,이니스프리 트루케어 산뜻하고 가볍게 바르기 좋아요,2,2019.11.01
558,이니스프리 트루케어 산뜻하고 가볍게 바르기 좋아요,2,2019.11.01
559,10ml 얼마나 되겠어 하고 생각했는데 커서 좋아요!! 저는 턱쪽에 트러블이 많이나서 턱쪽은 이거 바르고 볼은 점도 높은 에센스 바릅니다. 턱쪽만 바를거라 오래 사용할 수 있겠어요~~ 저는 효과 많이 봤습니다!,5,2019.10.30
560,제품의 제형은 투명색에 매우 묽어요 바로 흘러내릴 정도로요 그리고 진짜로 쓰고난 뒤 피부가 매끈에 졌어요 피지 이런 것들을 케어해준다는게 느껴집니다.특히 코가 매끈해진게 제일 좋았어요 그래서 바르고 아침에 세수를 하는 게 좋아요 각질 같은 게 느껴져요 앞으로도 쓸 평생템 인것 같네요 단종이 안됬으몀 좋겠네요 그리고 의외로 병1개가 작이서 오래 못을것같은데 오래쓸 것같이요 양도 병 거의 가득 차있어요,5,2019.10.29
561,그냥 물같은 에센스여서 첨엔 어랏?!했는데 바를수록 촉촉해요 무향이라 더 좋은거 같네요,4,2019.10.28
562,확실히 트러블이 덜 올라오는게 느껴집니다 좁쌀과 호르몬영향은 막을 수 없지만 ㅋㅋㅋ,4,2019.10.27
563,좁쌀 여드름 같은 트러블에 이만한 아이 없어요 앰플 바르고 난 며칠 뒤에 보면 피부가 부들부들해져 있어요 진짜 최고입니다ㅜㅜb,5,2019.10.27
564,촉촉하고 세안 후 당김이나 건조함이 느껴지지 않는다. 스포이드 형이라 원하는만큼의 양조절이 용이 하고 크기가 작아 휴대성이 좋다.,5,2019.10.25
565,번들거림 없으면서 촉촉한 제품 찾고 있었어요. 피부가 예민해서 아무거나 쉽게 바르지 못하는 타입인데 딱 원하던 타입이예요.,5,2019.10.25
566,☆ 피부타입 제피부는요 T존은 지성U존은 건성에 살짝민감해서 성분이 않맞으면 간지럽고 화끈거리는 느낌이오는 피부예요ㅠ ☆ 사용감 트루케어 앰플은 묽은제형이라 일단흡수가 빨라요~ 앰플인데 가벼워서 두번 발라도 답답하지않아요! 저는피부상태에따라 덧바를때가 많은데 살짝 보습막이 생기는 느낌이들어요 거의 토너 다음으로 바르고 그린티세럼을 바릅니다. ☆ 또 케이스가 유리병에 스포이드로 되있어서 엄청 위생적입니다~ 처음에 작다 느낄수있는데 막상써보면 꾀오래사용해요~~ ☆ 정말좋은점은 성분이예요 트루케어 라인이 그렇지만 여드름을 유발하지않는 제품들로 유명해요 모두 순하고 보습력좋고~ 믿고 구매 해도됩니다! 3일만 꾸준히 바르세요 피부결이 다른거같다? 라고 느껴집니다~(정말솔직후기예요),5,2019.10.24
567,흡수가 잘 되고 피부가 조금 진정되는 느낌이예요~~^^,5,2019.10.24
568,처음 사용해본 이후로 꾸준히 쓰는 제품이예요. 순하고 진정효과도 있고 매우 좋아요.,5,2019.10.29
569,4병에 각각 스포이드가 달려있어 한병을 잃어버려도 사용을 할수있다는 점이 좋았고 정말 저는 좁쌀에 진정을 본제품이거 진정이라서 가벼운 제형이지만 수분감을 충분해서 좋았어요,5,2019.10.26
570,"처음엔 피부진정용으로 구매했는데, 효과가 꽤 좋은거에요. 그래서 스킨케어도 모조리 트루케어 라인으로 바꿔서 현재까지 약 7개월째 사용하고 있어요~~ 트루케어 AC앰플 강력 추천템이에요! 만약 자신의 피부가 아래에 다수 해당하신다면 스킨케어도 함께 사용할 것을 꼭꼭 추천해요. 효과가 배로 늘어나거든요! 하나, 여드름(화농성, 좁쌀 등등)이 있어 진정이 필요하신 분 / 둘, 지성인데 수분이 매우 부족하신 분 / 셋, 기존의 스킨케어 및 에센스에 수분크림까지 발랐음에도 짧은 시간 내에 속건조를 느끼시는 분 / 넷, 어느 시간이 지나면 얼굴이 이상하게 가려운 분",5,2019.10.24
571,나의 스킨케어 최애 제품이다. 작년 제품 출시와 함께 샘플링 이벤트를 한 적이 있는데 마침 내 피부가 심하게 뒤집어져서 회복이 안되었던 시기라 지푸라기라도 잡는 심정으로 사용해보았었다. 나온 트러블이 들어가지는 않았지만 나도 모르는 사이에 좁쌀이 줄어들었다. 그 이후 나는 이 제품을 몇통째 비우고 있고 이제는 없으면 불안한 지경이 되었다.(제발 단종시키지마요..) 스킨처럼 물같은 제형이라 흡수가 빠른 앰플이다. 향도 없고 색도 없어서 내가 지금 물을 바르나… 싶어도 한세트 쓰고 나면 내가 바른게 물이 아니라는 것을 깨닫는다. 화농성 여드름보다는 좁쌀 여드름에 효과가 있었고 이미 나온 트러블을 진정시키는 기능보다는 피부 컨디션 자체를 케어해주는 느낌이다. 가격대비 사계절내내 피부를 지키기에 정말 좋은 제품이라 추천!,5,2019.10.23
572,촉촉하고 흡수력도 좋아요 111111,5,2019.10.21
573,눈물제형! 쓸 때는 몰라도 안쓰면 티나요! 벌써 네번째인가 재구매했어욥 아낌없이 팍팍 흘려주고 토닥토닥 흡수시키면 다ㅡ흡수됩니당,5,2019.10.19
574,피부 진정시키고싶을때 바르는 앰플 끈적이지않아서 좋아요,4,2019.10.18
575,진정효과가 있어서 트러블이 생겼을때 바르면 좋아요.,5,2019.10.16
576,촉촉하고 좋습니다 만족합니다 ㅋㅋㅋㅋㅋㅋㅋ,5,2019.10.16
577,촉촉하고 라이트한 제형이라 부담스럽지 않아서 좋아요. 레이어링해주며 사용하기도 좋아요. 순한 느낌이예요.,5,2019.10.24
578,앰플인데 가벼운 점이 좋아요~ 트러블 자국 같은건 짙고 깊은 편이라 한 세트 쓴다고 확 개선이 되는건 아니지만 촉촉하고 자극 없어 좋아요~,4,2019.10.16
579,"건성피부에도 각질, 수분. 피부 고민을 한번에 해결해 줘서 너무 좋아요.",5,2019.10.14
580,역시 이니스프리 제품이라 만족스럽네요!,5,2019.10.12
581,트러블도 가라앉고 피부가 진정되는것 같아서 좋아요,4,2019.10.11
582,진정시키는 능력을 가지고있는 앰플입니다 ㅎㅎ,4,2019.10.11
583,피부에 흡수가 잘되고 당기는 느낌도 좋고 스킨인듯 스킨아닌 스킨같은.. 그러나 촉촉합니다,4,2019.10.10
584,피부에 자극적이지도 않고 진정시켜주는 앰플이라 구매했어요 아직까지 사용감 굿굿,4,2019.10.01
585,요즘 이런 앰플이 대세인 것 같아요. 추천합니다.,3,2019.10.01
586,고급 앰플 같은 느낌이 드네요. 추천합니다,4,2019.09.22
587,사계절 내내 사용하는 최애땜 입니다. 물처럼 맑고 스킨같지만 계속사용하다보니 피부가 맑고 부족한수분을 채워주는 느낌이라서 계속 사용하고 있어요,5,2019.09.21
588,피부 진정에 좋고!큰 용기에 한번에 주는 게 아니라 소분이라서 균이 덜 자랄 거 같아요,5,2019.09.15
589,무난무난하게 첫 단계 앰플로 사용했어요 딱히 좋다고는 못느꼈어요ㅠㅠ,5,2019.10.10
590,"프로폴리스, 히알루론산, 판테놀 이렇게 성분이 복합적으로 들어가 있어서 트러블을 진정시키고 피부 장벽을 매끈하게 가꿔줘서 좋은 것 같아요^^ 에센스 단계에 꾸준히 사용시 눈에 띌 정도로 트러블이 없어져요~!",4,2019.09.11
591,환절기가 왔습니다 필수템이지요 어서들 사십시오 세일할때 두개씩 사세요 하나는 집 하나는 회사 두개는 사야해요,5,2019.09.10
592,이번에 기초제품을 트루케어 라인으로 바꿨는데 순하고 좋아요,4,2019.09.08
593,사춘기때도 안나던 여드름이 나기 시작한지 딱 1년째 되는해인데 1년동안 별짓 다해봐도 안 없어지던 여드름이 이 앰플 사용 3일만에 싹 들어갔어요!! 화농성은 자주 났다 안났다 했지만 좁쌀이까지 들어간건 처음이라 진짜루 감동입니다 ㅠㅠ 앞으로 이 앰플로 정착하려구요 ㅠㅠ,5,2019.09.08
594,부드럽게 스며들고 피부도 촉촉하니 정말 좋아요.,4,2019.09.06
595,위생적으로 사용할 수 있게 여러 스포이드형태의 병에 나눠서 판매하는 점과 온라인으로 판매하는 제품이라서 본품과 함께 샘플 5장을 보내주는 방식이 마음에 듭니다. 샘플을 사용하며 본인의 피부에 맞는지 확인해 볼 수 있습니다.,4,2019.09.01
596,너무 훅 흘러 버려서 바르기가 쉽지는 않은데 피부에는 확실히 좋은듯,5,2019.08.30
597,할인이 잘 없는 트루케어라 샘플써보고 너무 좋아서 사야지사야지 벼르고 있다가 거의 본품 용량만큼 샘플을 준다고 해서 바로 결제 했지요 득템~,5,2019.09.09
598,트루케어 AC 진정 앰플은 즉각적인 효과가 나거나 하진않는 것 같지만 예민한 피부에 잘 맞아 꾸준히 사용중입니다,4,2019.09.09
599,씻고 바로 바르니 진정효과가 바로 와서 좋은 거 같아요!! 추천합니다,5,2019.08.31
600,저는 어떤 이유없이 이 제품은 그냥 데일리템으로 사용중이예요..사실 피부변화를 뭔가 느끼고 있진 못해요.. 근데 그냥 큰 문제는 없어서 그냥 계속 사용해요.. 다만 갑자기 빨개지거나 하는 부분에 발라주면 잘 가라앉는거 같아요..,5,2019.08.29
601,묽어서 여름에 산듯하게 사용하기 좋아요,2,2019.08.19
602,피부가 민감할때 처음 사용한 후 순하고 좋아서 꾸준히 쓰는 제품이예요. 물같은 제형이라 흡수도 빠르고 피부에 자극도 없어서 좋아요.,5,2019.08.14
603,가격도 싸고 제품 질도 좋고 잘 산 것 같아요!! 후회 없습니다 다들 사세요 ㅎㅎㅎㅎㅎ,4,2019.08.14
604,가격도 싸고 제품 질도 좋고 잘 산 것 같아요!! 후회 없습니다 다들 사세요 ㅎㅎㅎㅎㅎ,4,2019.08.08
605,"바르고나면 촉촉하고, 한방울씩 똑똑 떨어뜨려 쓰니까 위생적이예요",4,2019.08.05
606,"빠른 수분 공급과 흡수, 유수분 밸런스, 생각보다 많은 양, 잘 안 생기는 화이트헤드",4,2019.08.01
607,앰플이라 촉촉해요 ㅋㅋㅋㅋㅋㅋㅋㅋㅋㅋㅋㅋㅋ,5,2019.07.31
608,적은 양이 아니에요 꾀나 오래 사용이 가능하죠 하지ㅏㄴ...,4,2019.08.22
609,샘플 먼저 써보고 너무 좋아서 본품세트 구매했습니다,4,2019.07.25
610,가격대비 좋구요 선물용으로도 강추 ㅋㅋㅋ 여성남성 공용으로도 사용 가능해요,5,2019.07.24
611,트러블 피부라면 꼭 써야 할 결이 달라집니다 턱드룸도 들어갓어요,5,2019.07.20
612,피곤하고 컨디션안좋을때 올라오는애들 잠재워줘요 좋아요,5,2019.07.20
613,스포이드 형식이라 위생적이고 DMCK 사용하다가 비싸서 대체품을 찾다가 트루세럼 사용하는데 나름 만족합니다. 그리고 여름에 산뜻하게 사용하고 싶은 분들 꼭 추천합니다 !,4,2019.07.17
614,없어요. 하나도. 없는데 20자 이상 쓰라니 짜증나네요,1,2019.07.17
615,각질 수분 피부장벽을 한 번에 케어 가능한 제품이예요. 더운 여름날 습해서 피지도 많이 올라오고 더워서 힘든데 이거 하나만 발라도 보습감은 충분합니다. 모공이 각질로 쌓여서 트러블을 자주 유발하는데 모공을 열어주고 피부 보호를 하는 에센스가 들어가니 피부 보호도 되고 좋은 것 같습니다. 디자인이 너무 이뻐서 좀 쓰기 아까운 편인데 그래서 3~5방울 정도로만 떨어트려 아껴서 쓰고 있네요.,3,2019.07.16
616,저는 홍조에 주사가 있습니다. 민감성 피부라 구매했는데 효과를 보지 못했어요. 재구매 의사 없습니다.,3,2019.07.10
617,여름에 스킨바르고 앰플만 바릅니다. 20대 후반이고 피부예민한데 이렇게 사용하면 덜 뒤집히기도 하고 진정도 빨라서 회복에도 좋아요!@! 진짜 트루케어라인 사랑합니다.,5,2019.07.10
618,수부지? ㅇㅇ 에센스 첫 단계에 쓰면 너~~~무 좋아요 그 다음 단계에 부담도 안주고. 용기도 위생적이에요.,5,2019.07.24
619,순하고 자극적인것도없고 따갑지도않고 악화되는거없이 순하게 진정시켜줘서 너무좋았다,5,2019.07.22
620,트루케어 AC 진정 앰플 좋아요! 매우 만족합니다~,5,2019.07.07
621,피부가 뒤집어졌을때 이거 쓰면 가라앉아요 매우 추천합니다,5,2019.07.04
622,이 쪼그만한게 비싸긴 너무 비싸지만.. 그래도 효과는 정말 좋습니다,5,2019.07.04
623,좁쌀 여드름이 일년내내 서식하는 피부를 가졌읍니다ㅠㅠ 그러다 속는셈치고 딱 썼는데 다음날 아침에 보니까 좁쌀 녀석들 중에 집나간 애들이 몇 있더라구요!!! 밤에는 두번정도 흡수시켜줬고 아침에는 한번 또는 사용하지 않았어요! 막 와 막 엄청나 정도의 효과는 아니지만 그래도 큰 여드름도 진정이 되고 수분을 흡수시켜주는 느낌이라 수부지에게 좋을것같네요!,4,2019.07.01
624,갑자기 볼에 트러블이 올라와서 사용하게 되었어요 드라마틱 하게 없어지는 것은 아니지만 그래도 더 번지지는 않은것 같아요,4,2019.06.16
625,가끔씩 올라오는 뾰루지들 진정시키기에 좋아요,5,2019.06.15
626,물같은 제형으로 잘발리고 흡수도 괜찮습니다.,4,2019.06.14
627,피부진짜 완전 변했어요 앞사진은 필터 씌우고 빛까지 쨍쨍 받았는데도 잡티안가려지고 사진찍기 싫을정도였어요 밑에사진은 흐린날 필터없이 찍은거에요 환경은 뒤쪽이 훨씬 안좋은데 피부는 더 좋네요,5,2019.06.14
628,트루케어 스킨이랑 같이 쓰고 있는데 스킨은 정말 좋아요 근데 앰플은 딱히 크게 좋다는 느낌은 못받고있네요 그래도 꾸준히 써봐야겠죠~! 여름에 쓰기 좋은 듯 합니다.,3,2019.06.13
629,"처음에 유튜버를 통해 속는셈치고 구매했는데, 촉촉하고 여드름 압출하고 스킨으로 닦아내고 앰플 바르고 로션 바르면 많이 진정되는 효과를 보아서 첫 구매 후 두번째 구매를 했습니다! 가격이 조금 비싼감이 있긴하지만, 피부를 위해서 이정도쯤은 괜찮아요!",5,2019.06.26
630,물처럼 끈적임없이 바르기가 너무 좋구요 저녁세안후에 바르고 다음날아침 피부가 부드럽고 매끄러운 느낌이네요.,5,2019.06.08
631,성분이 좋고 가격도 비싸지 않아서 좋은 것 같아요 ㅎㅎ! 오프라인에서도 팔앗음 좋겟어요,5,2019.06.07
632,수분감이 넘쳐 모든 피부에 좋아요 메이크업전에 좋아요,5,2019.06.05
633,성분도 좋아서 피부에 자극없이 사용 할 수 있어요 피부가 건강해졌네요 꾸준히 쓰고있습니다,5,2019.06.03
634,우선 패키지가 분홍분홍해서 쓸때마다 너무 예뻐요 스킨 후 두세방울씩 발라주고 있는데 안쓸때보다 확실히 결이 좋아진 것 같아요 용량에 비해 비싸다 생각할수 있지만 워낙 소량씩 바르는 제품이라서 오래쓸수 있어요,5,2019.06.03
635,"초초민감성에 트러블이 쉽게 일어나는 피부인데 수분부족 지성이에요. 안좋은건 다 갖고 있는 피부네요. ㅠ.,ㅠ 트러블은 곧 색소침착으로 이어져서 고민이 많았어요. 건조하다고 오일프리 수분크림을 발라줘도 트러블로인해 뾰루지가 나서 고민이었는데 수딩앰플을 매일 쓰기시작하면서부터 트러블이 거의 없어졌어요. 토너로 닦아내고 수딩앰플을 발라주면 얇은 보호막이 생기는 느낌이에요. 피부가 예민해졌을때도 진정효과가 좋아 빠르게 회복됐습니다. 수부지 트러블로인해 고민하시는분들께 강력히 추천합니다.",5,2019.06.02
636,바르고 나니까 피부에 트러블도 진정되고 좋아졌어요. 1일 1팩 보다 더 좋네요,5,2019.06.02
637,올해초 피부가 확 뒤집어졌다가 이거 써서 가까스로 가라앉혔어요 피부과 안가고 지금도 트러블따위 모르고 지냅니다,5,2019.06.02
638,아직 쓰는게 남았는데도 이벤트때문에 사버렸어요 요 앰플 인생템 됐어요 민감성 트러블이 시도때도 없이 올라와서 가려웠는데 요거 쓰고 많이 좋아졌어요 떨어지지않게 쟁여놔야겠네요,5,2019.06.01
639,쓰고나서 좁쌀여드름도 덜올라오는거같구 매끈해한 느낌이예요. 좋은듯ㅋㅋㅋ,3,2019.06.01
640,후기가 좋아서 구입했어요. 기대되네요.,4,2019.05.30
641,피부 안좋은날에 쓰면 역간이자만 잡아주는게 좋아요,4,2019.05.30
642,성인되고 성인여드름이 자주나서 좀 트러블 진정하고싶었는데 반신반의하며 주문했는데 확실히 트러블 횟수가 줄었어요,5,2019.05.29
643,하루만 써도 피부가 진정되는게 보여요. 꾸준히 써보면 더 좋을 것 같아요. 꼬마병이라 여행갈 때도 좋은 것 같아요,5,2019.05.29
644,피부가 좋아지는게 보여요~ 가격도 부담이 없어서 좋은것같아요! 재구매의사 있어요,5,2019.05.28
645,선크림 사용할 때 샘플로 이것저것 왔을 때 사용하게 되었는데 부담없는 제형으로 발림이 좋고 트러블이 없어서 구매하게 되었어요. 행사를 진행하고 있어서 고민없이 구매하게되었어여~ 꾸준히 써보려고 합니다,5,2019.05.27
646,"드라마틱한 효과는 기대 안했었고, 그냥 호기심에 초반에 샀어요. 근데 왠걸 쓸 때는 못느꼈는데, 다 쓰고 안쓰니까 빈자리가 느껴지더라구요! 첫 구매 후 겨울에 사용했었는데, 앰플 사용할 때와 없을 때의 속당김, 피부톤, 피부결의 차이가 크다는 걸 알았어요 그래서 잠시 쉬다가 결국 다시 샀더랬죠~ 지금도 매일 아침 저녁으로 부지런히 씁니다.",5,2019.05.25
647,진정에 좋다는 소문듣고 구매했어요 샘플도 넉넉히 챙겨주셔서 좋네요,5,2019.05.24
648,미세먼지 등으로 피부가 예민해져서 한번 사서 사용해본후로 꾸준히 사용하는 제품이예요. 제형이 가벼워 흡수가 빠르고 용량도 작아서 휴대가 편해서 좋아요.,5,2019.05.25
649,이 제품을 쓰고 트러블에 크게 도움이 되진 않았던거 같습니다. 끈적이지 않고 산뜻하게 발리는게 큰 장점인듯해요,3,2019.05.23
650,샘플로써보고 너무 좋아 구매했어요 민감성트러블이 자주 나는데 진정시켜주고 금방 가라앉네요 꾸준히 써볼게요,5,2019.05.17
651,순해서 좋고 트러블이 생기는것을 예방해줘요. 트러블이 생겼을때는 피부를 진정시케줘요. 묽은 제형이라 가볍게 바를 수 있어서 좋아요,5,2019.05.16
652,여러번 무난하게 주문해서 사용중입니다. 특별히 크게 효과를 보거나 하지는 않았어요 우선 좋다고해서 꾸준히 써보는 중입니다~,3,2019.05.08
653,샘플로 앰플 사용해봤었는데 수분감도 그렇고 순해서 좋아요,4,2019.05.03
654,"요즘 피부가 많이 예민해졌는데, 보습이랑 영양 공급까지 해주는 느낌이 있어서 아침/저녁으로 조금씩 케어해주고 있습니다.",5,2019.04.23
655,생각보다 물같지만 뾰루지가 올라오지않아요 좋ㅇ네용ㅎㅎ,4,2019.04.20
656,재구매했어요. 피부가 진정되는 편이고 붉은기도 나름 완화되는 느낌? 꾸준하게 써보니깐 조금씩 효과가 있더라고요. 특히나 트러블 진정에 괜찮은 것 같아요.,5,2019.05.22
657,제형은 스킨처럼 묽은데 사용하면 촉촉하고 보습도 잘 되요 피부결 정리도 되고 너무 좋아요,5,2019.05.12
658,처음 사용하자마자 저의 필수템이 되어버렸어요 ㅎㅎㅎ 정말 좋은거 같아욬ㅋㅋ,5,2019.05.05
659,산뜻하고 바를 때 부들부들해요!! 트루케어 라인으로 다 쓰고 있는데 좁쌀여드름들이 잡히는게 눈에 보여요 :) 이름 그대로 피부가 진정되는 느낌!,5,2019.04.26
660,두번째 사서 쓰고있어요. 피부 예민할때 바르면 피부진정 진짜 잘됩니다. 여드름 진정에도 정말 좋아요. 유분감 아예 없고 끈적임 없이 수분감만 약간 있어서 안바른거 같은 가벼운느낌입니다.,5,2019.04.19
661,건조하고 민감성 피부인데 잘맞고 좋네요,5,2019.04.17
662,두번째 구매해서 사용하는 제품인데 이 제품 쓰고 트러블 진짜 많이 좋아졌어요ㅠㅠ 붉은기 개선이랑 트러블 진정에 너무 좋아요ㅠㅠㅠㅠ,5,2019.04.16
663,성분이 순하고 진정에 효과있어요! 낱개로 분리되어있어서 사용하기도 편하고 가볍게 흡수되는 제형이어서 발림성도 좋아요!,5,2019.04.15
664,피부결이 좋아지고 화이트헤드가 줄어들어요,5,2019.04.10
665,좋은점은 음..케이스가 귀여움. 여행용으로 쓰기에 좋을거같음,3,2019.04.09
666,순해서 매일쓰기도 좋고 묽지만 바르고 난 뒤 막 건조하지도 않아 좋아요..,5,2019.04.09
667,트러블이 제법 안난다는점이 가장좋네요. 피부결도 정돈되는느낌입니다.,5,2019.04.09
668,촉촉하고 흡수잘되는건 좋아요 여름에쓰기 딱좋은타입일꺼같은 느낌??,3,2019.04.09
669,,5,2019.04.08
670,,5,2019.04.06
671,,3,2019.04.03
672,,5,2019.04.01
673,,5,2019.04.01
674,,5,2019.04.01
675,,5,2019.04.04
676,,5,2019.04.03
677,사세요 왜 안사세요 ㅠㅠ?? 트러블날때 대비해서 당장 구매하세요!! 여드름피부는 아니고 지복합성에 화이트헤드나 간간히 뾰루지올라오는 타입이에요 티트리오일이나 스팟제품 많이 써봤는데 진정앰플 이름 그대로에요 피부가 울긋불긋하게 올라오려하거나 트러블 뾰루지나면 너무 스트레스라 무조건 짜는데 저는 효과좋았어요 온라인으로 구매하고 사은품으로 받아써보고 당장 주문했어요 샘플받아서 탈탈 털어쓴적 처음이에요 아 물론 용량은 작았기에.. 그래도 작은 용량으로도 효과는 충분히 봤어요 진정효과가 있어서 기초케어할때 데일리용으로도 사용하고 있어요 물제형인데 촉촉해요 10ml 4개 들어있는데 챙겨다니기도 좋고 나눠져있는게 두고두고 사용하기에 위생적이고 스포이드로 되어있어서 또 위생적 디자인!! 디자인도 그렇고 용기,5,2019.04.01
678,,5,2019.03.31
679,,5,2019.03.30
680,,5,2019.03.30
681,,5,2019.03.30
682,,5,2019.03.28
683,,5,2019.03.27
684,,5,2019.03.27
685,,5,2019.03.27
686,,5,2019.03.26
687,,5,2019.03.30
688,,4,2019.03.27
689,,4,2019.03.26
690,항상 쓰는 제품 냉장고에 넣고 시원하게 피부진정시켜요,5,2019.03.25
691,,5,2019.03.24
692,,5,2019.03.22
693,,5,2019.03.21
694,,3,2019.03.21
695,,5,2019.03.19
696,,4,2019.03.23
697,,5,2019.03.23
698,,3,2019.03.23
699,,5,2019.03.20
700,,5,2019.03.19
701,,5,2019.03.18
702,,5,2019.03.10
703,,5,2019.03.09
704,,4,2019.03.19
705,,5,2019.03.17
706,,3,2019.03.17
707,,5,2019.03.16
708,,4,2019.03.16
709,,5,2019.03.12
710,,5,2019.03.09
711,,5,2019.03.03
712,,4,2019.03.01
713,,5,2019.03.01
714,,3,2019.03.01
715,,5,2019.02.28
716,,3,2019.02.26
717,,5,2019.03.05
718,,5,2019.03.02
719,,5,2019.02.26
720,,5,2019.02.24
721,,3,2019.02.24
722,,5,2019.02.19
723,,5,2019.02.26
724,,5,2019.02.25
725,,4,2019.02.22
726,,3,2019.02.22
727,,4,2019.02.21
728,,5,2019.02.20
729,,5,2019.02.19
730,,5,2019.02.15
731,,5,2019.02.14
732,,5,2019.02.19
733,,5,2019.02.18
734,,3,2019.02.18
735,,5,2019.02.18
736,,5,2019.02.18
737,,5,2019.02.16
738,,5,2019.02.14
739,,3,2019.02.14
740,,5,2019.02.12
741,,1,2019.02.12
742,,5,2019.02.07
743,,5,2019.02.06
744,,4,2019.02.05
745,,5,2019.02.05
746,,5,2019.02.13
747,,5,2019.02.06
748,,5,2019.02.06
749,,5,2019.02.04
750,,5,2019.02.03
751,,5,2019.02.02
752,,3,2019.02.02
753,,4,2019.02.01
754,,5,2019.02.01
755,,5,2019.02.04
756,,5,2019.02.02
757,,5,2019.02.02
758,,4,2019.02.02
759,,3,2019.02.01
760,,5,2019.02.01
761,,5,2019.02.01
762,,5,2019.01.31
763,,5,2019.01.31
764,,5,2019.01.28
765,,5,2019.01.27
766,,5,2019.01.26
767,,5,2019.01.29
768,,5,2019.01.28
769,,5,2019.01.26
770,,4,2019.01.26
771,,5,2019.01.25
772,,5,2019.01.25
773,,4,2019.01.23
774,,5,2019.01.22
775,,4,2019.01.21
776,,5,2019.01.21
777,,5,2019.01.21
778,,5,2019.01.25
779,,5,2019.01.23
780,,5,2019.01.16
781,,4,2019.01.15
782,,5,2019.01.15
783,,4,2019.01.15
784,,5,2019.01.15
785,,5,2019.01.21
786,,3,2019.01.20
787,,3,2019.01.17
788,,5,2019.01.16
789,,5,2019.01.14
790,,5,2019.01.13
791,,5,2019.01.13
792,,5,2019.01.11
793,,5,2019.01.11
794,,5,2019.01.14
795,,5,2019.01.13
796,,5,2019.01.12
797,,5,2019.01.11
798,,4,2019.01.10
799,,4,2019.01.10
800,,5,2019.01.10
801,,4,2019.01.09
802,,3,2019.01.08
803,,4,2019.01.07
804,,4,2019.01.09
805,,5,2019.01.09
806,,5,2019.01.08
807,,5,2019.01.08
808,,3,2019.01.07
809,,5,2019.01.07
810,,5,2019.01.04
811,,3,2019.01.06
812,,5,2019.01.06
813,,2,2019.01.06
814,,5,2019.01.05
815,,5,2019.01.04
816,,4,2019.01.04
817,,4,2019.01.04
818,,4,2019.01.04
819,,5,2019.01.04
820,,3,2019.01.02
821,,5,2018.12.31
822,,3,2018.12.31
823,,4,2018.12.30
824,,4,2019.01.03
825,,5,2019.01.03
826,,5,2019.01.02
827,,5,2019.01.02
828,,5,2019.01.01
829,,5,2019.01.01
830,,5,2018.12.27
831,,4,2018.12.21
832,,4,2018.12.29
833,,5,2018.12.27
834,,5,2018.12.26
835,,5,2018.12.24
836,,5,2018.12.23
837,,5,2018.12.22
838,,5,2018.12.22
839,,5,2018.12.22
840,,4,2018.12.19
841,,4,2018.12.13
842,,4,2018.12.19
843,,3,2018.12.18
844,,4,2018.12.17
845,,5,2018.12.17
846,,4,2018.12.16
847,,4,2018.12.16
848,,3,2018.12.15
849,,5,2018.12.15
850,,5,2018.12.13
851,,4,2018.12.10
852,,5,2018.12.10
853,,5,2018.12.09
854,,4,2018.12.09
855,,5,2018.12.09
856,,5,2018.12.08
857,,4,2018.12.07
858,,5,2018.12.07
859,,5,2018.12.06
860,,5,2018.12.06
861,,5,2018.12.05
862,,5,2018.12.03
863,,4,2018.12.02
864,,4,2018.12.05
865,,5,2018.12.05
866,,5,2018.12.03
867,,5,2018.12.03
868,,5,2018.12.02
869,,5,2018.11.28
870,,5,2018.11.26
871,,4,2018.11.26
872,,4,2018.11.28
873,,3,2018.11.27
874,,4,2018.11.27
875,,5,2018.11.27
876,,5,2018.11.26
877,,5,2018.11.26
878,,4,2018.11.25
879,,4,2018.11.25
880,,5,2018.11.25
881,,5,2018.11.21
882,,5,2018.11.21
883,,5,2018.11.20
884,,4,2018.11.19
885,,4,2018.11.23
886,,5,2018.11.23
887,,5,2018.11.20
888,,5,2018.11.19
889,,5,2018.11.18
890,,5,2018.11.17
891,,1,2018.11.15
892,,5,2018.11.14
893,,5,2018.11.14
894,,5,2018.11.13
895,,5,2018.11.17
896,,5,2018.11.13
897,,5,2018.11.13
898,,5,2018.11.12
899,,5,2018.11.12
900,,5,2018.11.09
901,,5,2018.11.08
902,,5,2018.11.08
903,,5,2018.11.07
904,,5,2018.11.12
905,,3,2018.11.12
906,,4,2018.11.12
907,,5,2018.11.11
908,,5,2018.11.09
909,,4,2018.11.08
910,,5,2018.11.07
911,,4,2018.11.06
912,,5,2018.11.06
913,,2,2018.11.05
914,,3,2018.11.05
915,,3,2018.11.04
916,,4,2018.11.04
917,,5,2018.11.04
918,,5,2018.11.04
919,,4,2018.11.04
920,,5,2018.11.02
921,,5,2018.11.01
922,,5,2018.10.31
923,,5,2018.10.31
924,,5,2018.10.31
925,,5,2018.10.30
926,,3,2018.11.03
927,,4,2018.11.01
928,,4,2018.10.31
929,,5,2018.10.30
930,,3,2018.10.30
931,,4,2018.10.27
932,,5,2018.10.30
933,,5,2018.10.30
934,,5,2018.10.27
935,,5,2018.10.26
936,,5,2018.10.25
937,,5,2018.10.25
938,,5,2018.10.25
939,,5,2018.10.24
940,,5,2018.10.24
941,,5,2018.10.21
942,,5,2018.10.23
943,,5,2018.10.23
944,,1,2018.10.23
945,,4,2018.10.23
946,,5,2018.10.21
947,,5,2018.10.20
948,,2,2018.10.20
949,,4,2018.10.19
950,,5,2018.10.16
951,,3,2018.10.15
952,,1,2018.10.17
953,,5,2018.10.17
954,,5,2018.10.17
955,,5,2018.10.16
956,,4,2018.10.16
957,,5,2018.10.16
958,,5,2018.10.15
959,,4,2018.10.15
960,,5,2018.10.15
961,,5,2018.10.15
962,,5,2018.10.14
963,,5,2018.10.13
964,,5,2018.10.13
965,,5,2018.10.13
966,,5,2018.10.14
967,,4,2018.10.13
968,,5,2018.10.12
969,,5,2018.10.12
970,,5,2018.10.11
971,,5,2018.10.11
972,,5,2018.10.10
973,,5,2018.10.08
974,,5,2018.10.12
975,,3,2018.10.11
976,,5,2018.10.11
977,,5,2018.10.09
978,,5,2018.10.08
979,,5,2018.10.08
980,,4,2018.10.07
981,,4,2018.10.06
982,,4,2018.10.06
983,,5,2018.10.06
984,,5,2018.10.05
985,,5,2018.10.03
986,,4,2018.10.01
987,,5,2018.09.30
988,,5,2018.10.06
989,,5,2018.10.06
990,,5,2018.09.30
991,,2,2018.09.26
992,,5,2018.09.30
993,,4,2018.09.29
994,,5,2018.09.24
995,,1,2018.09.22
996,,5,2018.09.20
997,,3,2018.09.19
998,,4,2018.09.19
999,,5,2018.09.18
1000,,5,2018.09.13
1001,,5,2018.09.11
1002,,4,2018.09.07
1003,,4,2018.09.06
1004,,3,2018.09.05
1005,,3,2018.09.17
1006,,5,2018.09.12
1007,,4,2018.09.11
1008,,5,2018.09.03
1009,,5,2018.09.02
1010,,5,2018.09.02
1011,,4,2018.08.28
1012,,4,2018.08.22
1013,,5,2018.08.19
1014,,4,2018.09.02
1015,,4,2018.08.31
1016,,4,2018.08.24
1017,,3,2018.08.21
1018,,5,2018.08.20
1019,,4,2018.08.18
1020,,5,2018.08.15
1021,,5,2018.08.14
1022,,5,2018.08.17
1023,,4,2018.08.17
1024,,4,2018.08.17
1025,,3,2018.08.16
1026,,5,2018.08.15
1027,,5,2018.08.15
1028,,5,2018.08.15
1029,,5,2018.08.15
1030,,5,2018.08.13
1031,,3,2018.08.09
1032,,5,2018.08.09
1033,,5,2018.08.03
1034,,4,2018.08.10
1035,,5,2018.08.07
1036,,3,2018.08.06
1037,,5,2018.08.06
1038,,5,2018.08.05
1039,,5,2018.08.03
1040,,5,2018.08.03
1041,,4,2018.08.02
1042,,5,2018.07.31
1043,,5,2018.07.30
1044,,5,2018.07.27
1045,,5,2018.08.02
1046,,5,2018.08.01
1047,,4,2018.07.30
1048,,5,2018.07.29
1049,,4,2018.07.28
1050,,3,2018.07.27
1051,,5,2018.07.25
1052,,3,2018.07.23
1053,,3,2018.07.27
1054,,4,2018.07.26
1055,,4,2018.07.25
1056,,5,2018.07.24
1057,,3,2018.07.24
1058,,4,2018.07.24
1059,,4,2018.07.22
1060,,4,2018.07.21
1061,,5,2018.07.21
1062,,5,2018.07.21
1063,,5,2018.07.21
1064,,5,2018.07.21
1065,,5,2018.07.21
1066,,5,2018.07.20
1067,,5,2018.07.20
1068,,5,2018.07.20
1069,,5,2018.07.20
1070,,5,2018.07.19
1071,,5,2018.07.19
1072,,4,2018.07.18
1073,,5,2018.07.19
1074,,5,2018.07.19
1075,,5,2018.07.18
1076,,5,2018.07.18
1077,,4,2018.07.18
1078,,5,2018.07.18
1079,,4,2018.07.18
1080,,5,2018.07.18
1081,,5,2018.07.16
1082,,5,2018.07.14
1083,,5,2018.07.16
1084,,5,2018.07.16
1085,,5,2018.07.16
1086,,4,2018.07.16
1087,,5,2018.07.15
1088,,5,2018.07.14
1089,,5,2018.07.14
1090,,4,2018.07.13
1091,,4,2018.07.12
1092,,5,2018.07.13
1093,,5,2018.07.13
1094,,5,2018.07.13
1095,,5,2018.07.12
1096,,5,2018.07.12
1097,,5,2018.07.11
1098,,4,2018.07.11
1099,,5,2018.07.11
1100,,4,2018.07.11
1101,,4,2018.07.11
1102,,4,2018.07.11
1103,,3,2018.07.11
1104,,4,2018.07.11
1105,,4,2018.07.11
1106,,3,2018.07.11
1107,,5,2018.07.11
1108,,5,2018.07.11
1109,,5,2018.07.11
1110,,5,2018.07.11
1111,,4,2018.07.11
1112,,4,2018.07.11
1113,,4,2018.07.11
1114,,4,2018.07.11
1115,,4,2018.07.11
1116,,3,2018.07.11
1117,,4,2018.07.11
1118,,5,2018.07.11
1119,,5,2018.07.11
1120,,5,2018.07.11
1121,,5,2018.07.11
1122,,5,2018.07.11
1123,,5,2018.07.11
1124,,4,2018.07.11
1125,,4,2018.07.11
1126,,5,2018.07.11
1127,,5,2018.07.11
1128,,4,2018.07.11
1129,,5,2018.07.11
1130,,4,2018.07.11
1131,,3,2018.07.11
1132,,5,2018.07.11
1133,,5,2018.07.10
1134,,5,2018.07.11
1135,,5,2018.07.11
1136,,4,2018.07.11
1137,,5,2018.07.11
1138,,4,2018.07.11
1139,,5,2018.07.10
1140,,4,2018.07.10
1141,,4,2018.07.10
1142,,5,2018.07.10
1143,,5,2018.07.10
1144,,5,2018.07.10
1145,,5,2018.07.10
1146,,5,2018.07.10
1147,,5,2018.07.10
1148,,4,2018.07.10
1149,,4,2018.07.10
1150,,4,2018.07.10
1151,,4,2018.07.10
1152,,4,2018.07.10
1153,,5,2018.07.10
1154,,5,2018.07.10
1155,,5,2018.07.10
1156,,4,2018.07.10
1157,,4,2018.07.10
1158,,5,2018.07.10
1159,,5,2018.07.10
1160,,5,2018.07.10
1161,,5,2018.07.10
1162,,5,2018.07.10
1163,,4,2018.07.10
1164,,4,2018.07.10
1165,,4,2018.07.10
1166,,5,2018.07.10
1167,,5,2018.07.09
1168,,5,2018.07.09
1169,,5,2018.07.09
1170,,5,2018.07.09
1171,,5,2018.07.09
1172,,4,2018.07.09
1173,,5,2018.07.09
1174,,5,2018.07.09
1175,,4,2018.07.09
1176,,5,2018.07.09
1177,,5,2018.07.09
1178,,5,2018.07.09
1179,,5,2018.07.09
1180,,5,2018.07.09
1181,,5,2018.07.09
1182,,5,2018.07.09
1183,,4,2018.07.09
1184,,5,2018.07.09
1185,,5,2018.07.09
1186,,5,2018.07.09
1187,,5,2018.07.09
1188,,5,2018.07.09
1189,,5,2018.07.09
1190,,4,2018.07.09
1191,,5,2018.07.09
1192,,5,2018.07.09
1193,,5,2018.07.09
1194,,4,2018.07.09
1195,,4,2018.07.09
1196,,5,2018.07.09
1197,,5,2018.07.09
1198,,4,2018.07.09
1199,,5,2018.07.09
1200,,5,2018.07.09
1201,,4,2018.07.09
1202,,5,2018.07.09
1203,,4,2018.07.09
1204,,5,2018.07.09
1205,,5,2018.07.09
1206,,5,2018.07.09
1207,,5,2018.07.09
1208,,3,2018.07.09
1209,,5,2018.07.09
1210,,5,2018.07.09
1211,,5,2018.07.09
1212,,5,2018.07.09
1213,,5,2018.07.09
1214,,5,2018.07.09
1215,,4,2018.07.09
1216,,5,2018.07.09
1217,,4,2018.07.09
1218,,5,2018.07.09
1219,,5,2018.07.09
1220,,3,2018.07.09
1221,,4,2018.07.09
1222,,5,2018.07.09
1223,,5,2018.07.09
1224,,4,2018.07.09
1225,,4,2018.07.09
1226,,3,2018.07.09
1227,,3,2018.07.09
1228,,3,2018.07.09
1229,,5,2018.07.09
1230,,5,2018.07.06
1231,,3,2018.07.06
1232,,5,2018.07.09
1233,,5,2018.07.09
1234,,3,2018.07.09
1235,,5,2018.07.08
1236,,5,2018.07.08
1237,,5,2018.07.07
1238,,5,2018.07.05
1239,,5,2018.07.04
1240,,5,2018.07.03
1241,,5,2018.07.03
1242,,4,2018.07.02
1243,,5,2018.07.04
1244,,5,2018.07.04
1245,,3,2018.07.04
1246,,4,2018.07.03
1247,,5,2018.07.03
1248,,3,2018.07.03
1249,,4,2018.07.02
1250,,3,2018.07.02
1251,,5,2018.07.01
1252,,5,2018.07.01
1253,,5,2018.07.01
1254,,3,2018.07.01
1255,,5,2018.07.01
1256,,5,2018.07.01
1257,,5,2018.07.01
1258,,5,2018.07.01
1259,,5,2018.07.01
1260,,5,2018.07.01
1261,,5,2018.07.01
1262,,5,2018.06.30
1263,,5,2018.07.01
1264,,4,2018.07.01
1265,,4,2018.06.30
1266,,5,2018.06.30
1267,,5,2018.06.30
1268,,4,2018.06.30
1269,,5,2018.06.30
1270,,5,2018.06.30
1271,,4,2018.06.30
1272,,4,2018.06.30
1273,,4,2018.06.30
1274,,5,2018.06.30
1275,,5,2018.06.30
1276,,5,2018.06.30
1277,,5,2018.06.30
1278,,4,2018.06.30
1279,,5,2018.06.30
1280,,3,2018.06.30
1281,,5,2018.06.30
1282,,4,2018.06.30
1283,,4,2018.06.30
1284,,4,2018.06.30
1285,,4,2018.06.30
1286,,3,2018.06.30
1287,,3,2018.06.30
1288,,1,2018.06.30
1289,,4,2018.06.30
1290,,5,2018.06.30
1291,,4,2018.06.29
1292,,5,2018.06.29
1293,,4,2018.06.30
1294,,5,2018.06.30
1295,,5,2018.06.30
1296,,2,2018.06.30
1297,,4,2018.06.30
1298,,5,2018.06.29
1299,,5,2018.06.29
1300,,5,2018.06.29
1301,,5,2018.06.29
1302,,4,2018.06.29
1303,,5,2018.06.29
1304,,4,2018.06.29
1305,,5,2018.06.29
1306,,5,2018.06.29
1307,,5,2018.06.29
1308,,4,2018.06.29
1309,,5,2018.06.29
1310,,4,2018.06.28
1311,,5,2018.06.28
1312,,5,2018.06.28
1313,,4,2018.06.28
1314,,5,2018.06.28
1315,,5,2018.06.28
1316,,5,2018.06.28
1317,,4,2018.06.28
1318,,5,2018.06.28
1319,,4,2018.06.28
1320,,5,2018.06.27
1321,,5,2018.06.28
1322,,5,2018.06.28
1323,,4,2018.06.28
1324,,5,2018.06.28
1325,,5,2018.06.27
1326,,5,2018.06.27
1327,,5,2018.06.27
1328,,5,2018.06.27
1329,,5,2018.06.27
1330,,3,2018.06.27
1331,,4,2018.06.27
1332,,5,2018.06.27
1333,,5,2018.06.27
1334,,5,2018.06.27
1335,,4,2018.06.27
1336,,5,2018.06.27
1337,,5,2018.06.27
1338,,4,2018.06.26
1339,,5,2018.06.26
1340,,5,2018.06.26
1341,,5,2018.06.26
1342,,5,2018.06.26
1343,,5,2018.06.26
1344,,5,2018.06.26
1345,,3,2018.06.26
1346,,5,2018.06.26
1347,,5,2018.06.26
1348,,5,2018.06.26
1349,,4,2018.06.26
1350,,5,2018.06.26
1351,,4,2018.06.26
1352,,4,2018.06.26
1353,,5,2018.06.26
1354,,5,2018.06.26
1355,,4,2018.06.26
1356,,5,2018.06.26
1357,,5,2018.06.26
1358,,4,2018.06.26
1359,,5,2018.06.26
1360,,5,2018.06.25
1361,,4,2018.06.25
1362,,5,2018.06.26
1363,,5,2018.06.26
1364,,5,2018.06.25
1365,,5,2018.06.25
1366,,5,2018.06.25
1367,,4,2018.06.25
1368,,5,2018.06.25
1369,,4,2018.06.25
1370,,5,2018.06.25
1371,,5,2018.06.25
1372,,4,2018.06.25
1373,,5,2018.06.25
1374,,5,2018.06.25
1375,,5,2018.06.25
1376,,5,2018.06.25
1377,,5,2018.06.25
1378,,4,2018.06.25
1379,,4,2018.06.25
1380,,4,2018.06.25
1381,,5,2018.06.25
1382,,5,2018.06.25
1383,,4,2018.06.24
1384,,5,2018.06.25
1385,,4,2018.06.25
1386,,4,2018.06.25
1387,,3,2018.06.25
1388,,5,2018.06.24
1389,,5,2018.06.24
1390,,5,2018.06.24
1391,,5,2018.06.24
1392,,5,2018.06.24
1393,,5,2018.06.24
1394,,4,2018.06.24
1395,,5,2018.06.24
1396,,5,2018.06.24
1397,,5,2018.06.24
1398,,4,2018.06.23
1399,,5,2018.06.23
1400,,4,2018.06.23
1401,,4,2018.06.23
1402,,5,2018.06.23
1403,,1,2018.06.23
1404,,5,2018.06.23
1405,,5,2018.06.23
1406,,5,2018.06.23
1407,,5,2018.06.23
1408,,5,2018.06.23
1409,,5,2018.06.23
1410,,5,2018.06.22
1411,,5,2018.06.22
1412,,4,2018.06.22
1413,,4,2018.06.22
1414,,5,2018.06.22
1415,,5,2018.06.22
1416,,5,2018.06.22
1417,,5,2018.06.22
1418,,5,2018.06.22
1419,,5,2018.06.22
1420,,5,2018.06.21
1421,,5,2018.06.21
1422,,5,2018.06.22
1423,,4,2018.06.22
1424,,5,2018.06.22
1425,,4,2018.06.22
1426,,4,2018.06.21
1427,,5,2018.06.21
1428,,5,2018.06.21
1429,,5,2018.06.21
1430,,5,2018.06.21
1431,,5,2018.06.21
1432,,5,2018.06.21
1433,,4,2018.06.21
1434,,4,2018.06.20
1435,,4,2018.06.20
1436,,5,2018.06.20
1437,,5,2018.06.20
1438,,2,2018.06.20
1439,,5,2018.06.20
1440,,4,2018.06.20
1441,,5,2018.06.20
1442,,4,2018.06.20
1443,,5,2018.06.20
1444,,5,2018.06.20
1445,,5,2018.06.20
1446,,5,2018.06.20
1447,,4,2018.06.20
1448,,5,2018.06.20
1449,,5,2018.06.20
1450,,5,2018.06.19
1451,,5,2018.06.19
1452,,5,2018.06.19
1453,,5,2018.06.19
1454,,4,2018.06.19
1455,,5,2018.06.19
1456,,5,2018.06.19
1457,,5,2018.06.19
1458,,4,2018.06.19
1459,,5,2018.06.19
1460,,5,2018.06.19
1461,,5,2018.06.19
1462,,5,2018.06.19
1463,,5,2018.06.19
1464,,4,2018.06.19
1465,,4,2018.06.19
1466,,4,2018.06.19
1467,,5,2018.06.19
1468,,5,2018.06.19
1469,,4,2018.06.19
1470,,5,2018.06.19
1471,,4,2018.06.19
1472,,5,2018.06.19
1473,,5,2018.06.19
1474,,4,2018.06.19
1475,,3,2018.06.19
1476,,4,2018.06.18
1477,,4,2018.06.18
1478,,4,2018.06.18
1479,,5,2018.06.18
1480,,5,2018.06.18
1481,,5,2018.06.18
1482,,5,2018.06.18
1483,,4,2018.06.18
1484,,4,2018.06.18
1485,,4,2018.06.18
1486,,5,2018.06.18
1487,,5,2018.06.18
1488,,5,2018.06.18
1489,,5,2018.06.18
1490,,4,2018.06.18
1491,,5,2018.06.18
1492,,4,2018.06.18
1493,,4,2018.06.18
1494,,5,2018.06.18
1495,,5,2018.06.18
1496,,4,2018.06.18
1497,,4,2018.06.18
1498,,4,2018.06.18
1499,,4,2018.06.17
1500,,5,2018.06.17
1501,,5,2018.06.17
1502,,5,2018.06.17
1503,,4,2018.06.17
1504,,4,2018.06.17
1505,,4,2018.06.17
1506,,5,2018.06.17
1507,,4,2018.06.17
1508,,5,2018.06.17
1509,,5,2018.06.17
1510,,4,2018.06.16
1511,,4,2018.06.16
1512,,5,2018.06.16
1513,,4,2018.06.16
1514,,5,2018.06.16
1515,,5,2018.06.16
1516,,5,2018.06.16
1517,,4,2018.06.16
1518,,5,2018.06.16
1519,,5,2018.06.16
1520,,5,2018.06.16
1521,,5,2018.06.16
1522,,5,2018.06.16
1523,,5,2018.06.16
1524,,5,2018.06.16
1525,,5,2018.06.16
1526,,4,2018.06.16
1527,,5,2018.06.16
1528,,5,2018.06.16
1529,,5,2018.06.16
1530,,5,2018.06.16
1531,,5,2018.06.16
1532,,5,2018.06.15
1533,,5,2018.06.16
1534,,5,2018.06.16
1535,,4,2018.06.16
1536,,5,2018.06.15
1537,,4,2018.06.15
1538,,5,2018.06.15
1539,,5,2018.06.15
1540,,5,2018.06.15
1541,,5,2018.06.15
1542,,3,2018.06.15
1543,,3,2018.06.15
1544,,4,2018.06.15
1545,,4,2018.06.15
1546,,4,2018.06.15
1547,,5,2018.06.15
1548,,4,2018.06.15
1549,,4,2018.06.15
1550,,5,2018.06.14
1551,,5,2018.06.15
1552,,4,2018.06.15
1553,,4,2018.06.15
1554,,5,2018.06.15
1555,,3,2018.06.14
1556,,4,2018.06.14
1557,,5,2018.06.14
1558,,5,2018.06.14
1559,,5,2018.06.14
1560,,5,2018.06.14
1561,,4,2018.06.14
1562,,5,2018.06.14
1563,,5,2018.06.14
1564,,5,2018.06.14
1565,,5,2018.06.14
1566,,3,2018.06.14
1567,,5,2018.06.14
1568,,5,2018.06.14
1569,,4,2018.06.14
1570,,4,2018.06.14
1571,,4,2018.06.14
1572,,4,2018.06.14
1573,,5,2018.06.13
1574,,4,2018.06.13
1575,,4,2018.06.13
1576,,4,2018.06.13
1577,,1,2018.06.13
1578,,3,2018.06.13
1579,,5,2018.06.12
1580,,3,2018.06.12
1581,,5,2018.06.12
1582,,4,2018.06.12
1583,,5,2018.06.12
1584,,5,2018.06.12
1585,,4,2018.06.11
1586,,5,2018.06.11
1587,,5,2018.06.11
1588,,5,2018.06.11
1589,,5,2018.06.11
1590,,4,2018.06.10
1591,,3,2018.06.11
1592,,5,2018.06.11
1593,,5,2018.06.11
1594,,5,2018.06.11
1595,,5,2018.06.11
1596,,4,2018.06.10
1597,,5,2018.06.10
1598,,5,2018.06.10
1599,,5,2018.06.10
1600,,4,2018.06.10
1601,,5,2018.06.09
1602,,5,2018.06.09
1603,,5,2018.06.09
1604,,5,2018.06.09
1605,,5,2018.06.08
1606,,5,2018.06.10
1607,,5,2018.06.10
1608,,5,2018.06.10
1609,,5,2018.06.09
1610,,5,2018.06.08
1611,,5,2018.06.08
1612,,5,2018.06.08
1613,,4,2018.06.08
1614,,4,2018.06.08
1615,,4,2018.06.08
1616,,5,2018.06.08
1617,,5,2018.06.08
1618,,4,2018.06.08
1619,,1,2018.06.07
1620,,5,2018.06.06
1621,,4,2018.06.07
1622,,2,2018.06.07
1623,,4,2018.06.07
1624,,5,2018.06.07
1625,,4,2018.06.07
1626,,5,2018.06.07
1627,,5,2018.06.07
1628,,5,2018.06.06
1629,,5,2018.06.06
1630,,5,2018.06.06
1631,,4,2018.06.06
1632,,5,2018.06.06
1633,,3,2018.06.06
1634,,5,2018.06.06
1635,,4,2018.06.06
1636,,5,2018.06.06
1637,,5,2018.06.05
1638,,4,2018.06.05
1639,,5,2018.06.05
1640,,5,2018.06.05
1641,,4,2018.06.05
1642,,5,2018.06.05
1643,,4,2018.06.05
1644,,5,2018.06.05
1645,,3,2018.06.05
1646,,5,2018.06.05
1647,,5,2018.06.05
1648,,4,2018.06.05
1649,,5,2018.06.04
1650,,5,2018.06.04
1651,,5,2018.06.03
1652,,5,2018.06.03
1653,,4,2018.06.04
1654,,5,2018.06.04
1655,,4,2018.06.04
1656,,5,2018.06.04
1657,,5,2018.06.03
1658,,5,2018.06.03
1659,,5,2018.06.03
1660,,5,2018.06.02
1661,,5,2018.06.03
1662,,5,2018.06.03
1663,,5,2018.06.03
1664,,5,2018.06.02
1665,,4,2018.06.01
1666,,5,2018.06.01
1667,,3,2018.06.01
1668,,4,2018.06.01
1669,,5,2018.06.01
1670,,5,2018.06.01
1671,,5,2018.06.01
1672,,5,2018.06.01
1673,,5,2018.06.01
1674,,5,2018.06.01
1675,,5,2018.06.01
1676,,4,2018.06.01
1677,,4,2018.06.01
1678,,5,2018.06.01
1679,,5,2018.06.01
1680,,5,2018.06.01
1681,,5,2018.06.01
1682,,4,2018.06.01
1683,,4,2018.06.01
1684,,5,2018.06.01
1685,,5,2018.06.01
1686,,4,2018.06.01
1687,,5,2018.06.01
1688,,4,2018.05.31
1689,,4,2018.05.31
1690,,5,2018.05.27
1691,,5,2018.05.30
1692,,4,2018.05.29
1693,,5,2018.05.29
1694,,5,2018.05.29
1695,,5,2018.05.28
1696,,4,2018.05.28
1697,,4,2018.05.28
1698,,4,2018.05.27
1699,,5,2018.05.26
1700,,5,2018.05.25
1701,,4,2018.05.26
1702,,5,2018.05.26
1703,,4,2018.05.25
1704,,4,2018.05.25
1705,,4,2018.05.25
1706,,4,2018.05.25
1707,,5,2018.05.25
1708,,4,2018.05.24
1709,,5,2018.05.24
1710,,5,2018.05.24
1711,,5,2018.05.24
1712,,5,2018.05.24
1713,,4,2018.05.24
1714,,5,2018.05.24
1715,,5,2018.05.24
1716,,5,2018.05.23
1717,,4,2018.05.23
1718,,5,2018.05.23
1719,,4,2018.05.23
1720,,5,2018.05.23
1721,,4,2018.05.23
1722,,5,2018.05.23
1723,,5,2018.05.23
1724,,5,2018.05.23
1725,,3,2018.05.23
1726,,4,2018.05.23
1727,,5,2018.05.23
1728,,4,2018.05.22
1729,,4,2018.05.22
1730,,4,2018.05.21
1731,,5,2018.05.21
1732,,4,2018.05.22
1733,,5,2018.05.22
1734,,4,2018.05.22
1735,,5,2018.05.22
1736,,5,2018.05.22
1737,,5,2018.05.21
1738,,4,2018.05.21
1739,,4,2018.05.21
1740,,5,2018.05.21
1741,,5,2018.05.21
1742,,5,2018.05.21
1743,,4,2018.05.21
1744,,4,2018.05.21
1745,,5,2018.05.21
1746,,5,2018.05.21
1747,,3,2018.05.21
1748,,4,2018.05.21
1749,,5,2018.05.21
1750,,4,2018.05.21
1751,,4,2018.05.21
1752,,5,2018.05.21
1753,,5,2018.05.21
1754,,5,2018.05.21
1755,,5,2018.05.21
1756,,5,2018.05.21
1757,,4,2018.05.21
1758,,5,2018.05.21
1759,,5,2018.05.21
1760,,5,2018.05.21
1761,,5,2018.05.21
1762,,5,2018.05.21
1763,,5,2018.05.21
1764,,5,2018.05.21
1765,,4,2018.05.21
1766,,4,2018.05.21
1767,,4,2018.05.21
1768,,5,2018.05.21
1769,,4,2018.05.21
1770,,5,2018.05.21
1771,,4,2018.05.21
1772,,5,2018.05.21
1773,,5,2018.05.21
1774,,4,2018.05.21
1775,,4,2018.05.21
1776,,5,2018.05.21
1777,,5,2018.05.21
1778,,5,2018.05.21
1779,,5,2018.05.21
1780,,5,2018.05.21
1781,,5,2018.05.20
1782,,5,2018.05.20
1783,,5,2018.05.19
1784,,4,2018.05.18
1785,,5,2018.05.17
