,날짜,평점,리뷰
1,2021.02.12,5점만점에 5점,"마데카크림을 너무 좋아서 앰플을 발견하고 서둘러 주문하였어요!!
흡수력 좋고 바른 후에 바로 크림으로 넘어갑니다
그래도 전혀 밀림도 없고 더욱 촉촉해지고 피부에 영양이 풍부해지는 것 같아요^^
다음날 피부가 촉촉하게 유지되서 꾸준히 바르고있어요^^"
2,2020.10.05,5점만점에 5점,"💯마데카 멜라캡쳐 앰플_솔직후기🤚🏻

🐼사용30일차_1일, 10일 차이가 크게 나는데, 30일차부터는 사진으로 비교해 보면 조금씩 피부톤 개선이 되는 것 같아 앰플 4개입 재구매 하였습니다. 꾸준히 써 봐야 겠어요. 

⭐️총평⭐️
기미, 주근깨 엷어지고 피부톤도 밝아져서 좋습니다. 사용후 더 나빠지지 않아서 좋아요. 
#마데카 멜라캡쳐 앰플 70ml x 2 구매후기 사진첨부 합니다."
3,2020.06.07,5점만점에 5점,"오 이거 정말 미백과 잡티 개선에 효과가 있어요
제가 여드름이 이번에 심하게 나서 진정과 흉터 개선 목적으로 샀거든요
사용한지 일주일쯤 되나 확실히 진정에 효과가 있는건 당연했고 흉터도 빨리 없어지더라고요
완전히 사라진건 아니지만 붉은기를 옅게 만들어줘요
향이 좀 강한데 얼굴에 약재 냄새라 해야하나 그 병풀의 강한 알싸함? 그런게 나요
양은 정말 작은..가격이 사악..
사진에 손등의 왼쪽에 있는게 앰플이에요
희뿌연 색상에 흘러내리는 타입이에요
오른쪽은 같은 라인에 크림인데 둘이 같이 쓰면 시너지 효과 있어요"
4,2020.11.29,5점만점에 5점,동국제약 센텔리안 제품은 워낙유명해서 알고있었는데 다른브랜드 미백제품쓰다가 이번에 새로 구입해봤어요 한병정도 다쓴상태고 아직은 효과가 확연히 나타나진않은데 더 써보려구요!! 향은 맡아보고 구입하는걸 추천드려요
5,2020.11.09,5점만점에 4점,피부 진정에도 좋았구요 꾸준히 한달간 사용해 본 결과  완전히 미백이 된건 아니지만 피부 톤이 밝아졌고 옅은 잡티는 희미해진 것 같네요. 오래 쓰게 용량이 커졌으면  좋겠습니다
6,2020.10.27,5점만점에 5점,마데카 믿고 샀습니다! 진짜 기미가 생겨버려서... 조금이라도 옅게 만들어 보려고 샀습니다. 선크림도 열심히 바르고 기미 부위 집중 케어해서 톤 개선 해봐야겠어용! 생각했던 거보단 양이 적지 않아서 기미 부위 위주로는 집중 케어 잘할 수 있을 거 같아요!
7,2021.02.02,5점만점에 4점,계속 사용 중인데 아직 효과는 잘 모르겠어요. 양이 매우 작아서 금방 다 씁니다. 이유를 찾진 못했는데 이렇게 작은 병을 여러개로 나누어 패키징한 이유가 분명히 있겠죠..?
8,2020.09.25,5점만점에 5점,임신 출산 반복으로 기미가 올라와서 구입했어요~ 기미가 옅어진게 눈에 보여서  만족합니다. 그래서 마지막까지 꾸준히 써보려고 합니다^^
9,2020.08.25,5점만점에 5점,사용한지 며칠안됏지만 흡수도잘되고 바르고나면 피부에서 광이나요ㅎ 아침에 일어나서 세수할때 피부가 너무 매끈해서기분까지 좋아요 그래서 이벤트할때  앰플 두박스 더 주문했어요
10,2020.02.22,5점만점에 5점,"어머니 기미에 도움이 될까 구매하였는데, 처음엔 좀 따끔거렸지만 양을 조절하니 괜찮습니다. 좀 옅어지는 기분이라고 하시네요"
11,2021.02.06,5점만점에 5점,사용후 기미가 조금씩 옅어지는거 같아요 세일때 구입합니다
12,2021.02.01,5점만점에 5점,일주일 정도 아침 저녁으로 사용중인데 아직 차이는 모르겠으나 피부가 탄력있고 건강해 보이는 느낌이에요!
13,2021.01.26,5점만점에 5점,아직 사용한지 일주일이 안되어서 급격한 변화는 알수 없으나 피부톤에서는 효과가 있고 특히 발림이 좋음
14,2021.01.07,5점만점에 5점,"재구매합니다
가격이 좀 비싸지만 
발림성도 좋고 촉촉 잡티가 연해지는거
같애서 세일할때만 사서 쓰고 있습니다"
15,2020.11.03,5점만점에 5점,극적인 효과는 없지만.전체적인 톤업은 확실했습니다!
16,2020.10.25,5점만점에 5점,어머니께 늘 구매해드리는제품입니다. 확실히 눈에뛰게 밝아지고 옅어지는게 보이신다네요 !!
17,2020.09.24,5점만점에 5점,"가격대는 있는편이지만 상품평에 미백에효과있다는 글을보고구매했었어요 2통째 구매한거고
기미가 살짝옅어지더라구요
몇번쓰고 바로 나타나는건아니였고 2주정도 뒤부터 느껴졌었어요"
18,2020.08.27,5점만점에 4점,"두번째 구매예요.
사용감도 좋고 발림성이나 흡수력이 좋아서 아침 화장전에 사용하고 있어요.
저녁에 사용하기엔 조금 가벼운감이 있는데 아침엔 딱이더라구요.
기미 잡티가 확 없어지는건 아닌데 그래도 꾸준히 사용하는게 좋을 것 같아서 우선 한번 더 구매 해서 사용 중 입니다."
19,2020.08.21,5점만점에 4점,"올영 샀을 때 샘플로 센텔리안 앰플 보내줬어서 좋아서 구매하게되었습니다.
양에 비해 가격이 비싸지만 할인을 하여 저렴하게 데려갑니다.

향이 이상하고 했던 친구들 말처럼 냄새는 연고? 냄새가 나는데 피부가 쫀쫀해져서 좋아요.
_
그런데 요 제품 사용하고 여드름이 하나 나서... 조금 쉬었다가 다시 사용해보려구요.

조금씩 나누어서 제품이 4개라서 휴대성도 좋고 엄마랑 나눠서 사용할 수 있어서 좋아요."
20,2021.01.27,5점만점에 5점,원래   사용했던  제품이거서 행사도 하고 저렴하고 해서  망설임없이   구매했습니다.
21,2021.01.14,5점만점에 4점,5번 정도 구매 하는 것 같아요~ ㅋㅋ확실히 파부 톤이 밝아지네요. 만족스럽네요
22,2021.01.05,5점만점에 5점,너무 너무 좋아요 ..  평생 아이템입니다...
23,2020.10.31,5점만점에 5점,일단 지인추천으로 엄마 선물로 사드렸어요. 평소에 잡티 때문에 되게 신경 많이쓰시거든요 ㅜㅜ 근데 확실히 지인이 강추한 이유가 있었습니다. 어머니도 써보시더니 확실히 피부가 맑아졌다 잡티가 많이 사라진것같다며 홈쇼핑으로 대량구매하셨거든욬ㅋㅋ
24,2020.10.24,5점만점에 5점,흡수는 빠르고 좋아요~기미 걱정에 사용해봤는데 피부톤은 확실히 밝아져요~기미는 살짝 옅어진거같은데 없어지진 않을꺼같고 나름 괜춘~^^ 지금 3주째 사용중인데 더 사용해볼까해요~^^
25,2020.10.05,5점만점에 4점,"두번째 구매 입니다 ㅋ
얼굴 전체적으로 좀 연해지는 것 같아  세일해서 하나 더 구매 했어요"
26,2020.09.23,5점만점에 5점,"홈쇼핑에서 보이는 제품이길래 한번 구입해봤어요~
장기간사용한게 아니라 아직 효과를 잘 모르겠어요"
27,2020.09.18,5점만점에 4점,"계속사용해 보아야 알겠지만 아직까진괜찮아요.
근데..얼마나 사용해야 기미가 약하게라도 보일지..궁금해요ㅜㅜ"
28,2020.09.09,5점만점에 5점,두번째 구매에요~ 확 느껴지게 변하지는 않지만 기미가 약간 옅어졌어요~ 그래서 마데카 크림이랑 같이 쓰려고 또 구매했어요
29,2020.08.30,5점만점에 5점,향은..그리 좋지 않은데 미백 기능에서 만큼은 효과를 톡톡히 본 제품입니다. 피부도 좋아보이고 기미는 오래 사용해봐야 알겠지만 만족하며 사용하고 있어요.
30,2020.08.20,5점만점에 5점,"두번째 구입입니다.
사용하는동안 피부가 쫀쫀하니 탄력이 생기는것 같아요.
미백은 아직 좀더 있어봐야 알수 있겠으나 더 짙어지지는 않는것 같아요.
계속 사용할것 같아요.
양이  워낙적어서 세일해도 가격은 다소 부담이네요."
31,2020.08.17,5점만점에 4점,너무용량이 작아서 금방써버려 재구매 했습니다 ~하루에 아침 저녁두번 듬뿍 발랐는데도 오래된 기미라서 그런지 그렇게 까지 효과는 아직 없는듯 더 써봐야할듯해요
32,2020.08.13,5점만점에 4점,완전 깔끔한 타입은 아니지만 이여름 더위에 다른제품에 비하면 흡수력이 좋네요~부드럽고~미백은  더 써봐야할듯합니다~근데 7미리 정말 작네요~비싼만큼 효과있기를
33,2020.07.28,5점만점에 4점,꾸준히 오래쓰고 많이 써야 효과 조금 있는듯 해요. 눈가에 기미부분 너무 많이 바르면 뾰루지 올라오니 많이 못바르는게 아쉬움. 조금 밝아지는것 같은 느낌
34,2020.07.18,5점만점에 5점,"엄마가 홈쇼핑에서 구매해 써보시고 추천해주셔서 써봤는데 효과가 있어서 저도 항상 쟁여놓고 써요 ㅎㅎ
과거 피부과레이저 시술 등으로 피부톤이 칙칙했는데
이 제품을 쓴 뒤로 톤이 밝아졌어요 ㅎㅎ 확실히 효과 있습니다 꾸준히 쓸 예정이예요"
35,2020.07.14,5점만점에 5점,"재구매 했습니다
현재 화이트닝 제품을 3개 동시에 사용중입니다
이 제품은 촉촉하고 부드러워 보완용으로 써요
용량이 적어서 색소침착 부분에만 살짝"
36,2020.07.10,5점만점에 5점,여름이라 화장도 잘 안하고 해서 잡티 때문에 고민이었는데 이걸 쓰고 난후 피부가 많이 밝아짐을 느끼게 되더라구요. 꾸준히 바르면 효과를 톡톡히 볼것 같아요
37,2020.07.06,5점만점에 4점,아직 눈에띄는 효과는 없지만 잡티가 엷어지는 느낌이라 꾸준히 써보려구요!
38,2020.06.27,5점만점에 5점,최근 썬크림도 안바르고 마스크만 쓰고다녔더니 기미가 확 올라왔네요..기미 미백에 효과있다고 하니 그것도 며칠만에..기대하고 성실히 발라볼게요^^
39,2020.06.26,5점만점에 4점,기미로  고민중 질렀는데 첨 발라본  느낌은 한약을 바른듯. 마데카크림은 바르고 있지만 크게 효과는 모르겠음.앰플은 고가이기도 하고 상품평이 나쁘지않아 기대하고 써볼께요.
40,2020.06.16,5점만점에 5점,어머니께서 기미치료도 받아보셧지만 매번 치료를 받으러 가실순 없어서 제약회사 제품을 믿고 써보기로 했습니다. 서너 차례 사용후 텍스쳐나 보습감도 좋고 가격도 적당해서 부담없이 기미 관리를 할 수 있는것같아 좋습니다~!
41,2020.06.12,5점만점에 4점,"너무 궁금해서 사용해보고있는데 약간의 진한향이 바를때 느껴져요.
아직 오래 사용해보진 않아서 보습감은 좋은데 미백효과는 더 사용해봐야 알수있을듯하구요...패키지가 너무 작은 용량인게 불편해요"
42,2020.04.07,5점만점에 5점,"좋다고 해서 구매했는데 한번 사용했을때 확실히 화이트닝 효과 있어요
꾸준히 발라보겠습니다"
43,2020.03.27,5점만점에 4점,한번써서는 모르겠는데 그렇게 미백에 좋다하니 믿고 써보려구요
44,2020.02.17,5점만점에 5점,"찐득한 제형이라 그런지 바르고 나서 끈적이는 느낌이 있어요
요즘 기미도 생기는거같고 자글자글해지는거같아서 샀는데 뽀얗게 되면 좋겠네여ㅋㅋ
꾸준히 잘 써볼게여ㅋㅋㅋ"
45,2020.02.17,5점만점에 4점,"얼굴에 잡티가 점점 진해지고 많아져서 미백세럼을 검색하다 마데카 앰플을 발견했어요~ 마데카크림 좋다는 말 많이 들어서, 기대하며 구입했는데.. 아직 쓴 지 일주일도 안되서 효과는 모르겠지만, 일단 피부에 잘 스며들고 촉촉해서 좋아요~ 미백세럼은 촉촉함이 덜한데, 이제품은 촉촉해서 다른 영양세럼 안써도 되겠더라구요~ 미백 효과도 기대하며 열심히 발라볼께요!"
46,2021.01.02,5점만점에 5점,기미  미백  상품 찾다가 후기 좋아서 구매해 봤어요~
47,2020.12.11,5점만점에 5점,피부자극이 덜하고 만족합니다 피부가 좋아지는 느낌이에요
48,2020.11.18,5점만점에 5점,"가격대가 있는 편이지만 
유명해서 구매했습니다
오랬동안 사용해보진 않아서 효과는 모르겠어요"
49,2020.11.08,5점만점에 5점,"엄마께 매번 사드리고 있는데 기미가 조금씩 옅어지는 게 눈에 보여요!
양은 좀 적지만 그만큼 효과가 있습니다
할인할때 5박스 쟁여놨어요👍"
50,2020.11.04,5점만점에 4점,"4번째 구입이예요.
바르는동안은 피부가 좀 탄력이 있는것 같아요.
좀 비싸서 부담되긴 하지만 사용하지 않는 동안은 좀 불안해요."
51,2020.11.04,5점만점에 3점,"후기가 너무 좋아서 기대를 하고 사봤는데, 저는 딱히 효과를 보지 못했습니다. 사람마다 효과가 다른건지 광고였는지 모르겠네요.."
52,2020.10.17,5점만점에 3점,3번 째 구매입니다 ㅋ 기미 상품중에 가장 맘에 들어요
53,2020.10.07,5점만점에 5점,상품평이 넘 좋아서 사봤어요ㅎㅎ저도 효과봤으면ㅎㅎ
54,2020.10.07,5점만점에 5점,"급 추워진
건조한 날씨에 딱 도움되는 제품입니다"
55,2020.10.05,5점만점에 5점,마데카 앰플 사용해보고 엄마께 추석선물로 드리려고 구입했어요
56,2020.10.03,5점만점에 5점,벌써4번째구매네요 꾸준히 쓰고있어요 피부톤이밝아지고좋아요
57,2020.09.29,5점만점에 4점,3번째 구매입니다 보습보다는 기미잡티에 효과적이예요
58,2020.09.27,5점만점에 5점,기미가 조금 옅어지는게 느껴져서 주변에 추천도 하고 부지런히 사용중입니다
59,2020.09.27,5점만점에 4점,산뜻하고 가벼운 느낌이예요. 만족합니다. 만족합니다.
60,2020.09.21,5점만점에 4점,사용한지 3일째인데 얼굴 전체적으로 밝아지는 느낌입니다.
61,2020.09.08,5점만점에 5점,"하루 사용했는데 넘 좋네요~^^
미백효과 꼭 보고싶어요"
62,2020.09.08,5점만점에 5점,"다른 브랜드 미백 마스크팩 하기전에 앰플 발라주는데
트러블도 안나고 흡수도 잘되고 만족해요!?"
63,2020.09.08,5점만점에 5점,매번 쓰는데 끈적임이나 피부 트러블 없고 잡티가 때문에 칙칙한데 많이 맑아진느낌~~
64,2020.09.04,5점만점에 5점,"상품평이 좋아서 샀는데 몇 번 안 써서 아직은 잘 모르겠어요.. 기미가 엹어지길 바랍니다.
2주후에 다시 리뷰 올릴께요..^^"
65,2020.09.02,5점만점에 4점,요새 이거 후기가 괜찮길래 구매해봤어요 효과봤다는 사람도 꽤 있고해서 궁금해서 샀네요 ㅎㅎ
66,2020.08.07,5점만점에 5점,기미 주근깨에 좋다는 화장품 찾아보다가 구매했는데 가격대비 생각보다 화장품 용기가 작지만 효과만 좋다면 계속 구매할 예정이에요
67,2020.07.26,5점만점에 5점,홈쇼핑보고 주문햏는데 흡수력도좋고 수분감도있고 넘좋네요. 미백 주름효과를 볼수있게 꾸준히 사용해볼려구요.
68,2020.07.09,5점만점에 1점,너무너무 오일리합니다  전 이거바르고 트러블났어요 복합.지성 비추이구요. 미백..모루겠구요..
69,2020.07.03,5점만점에 4점,"이틀 바르고 피부가 뒤집어졌어요ㅠ
제 피부가 워낙 예민한편이라...
좀 쉬고 잠잠해지면 다시 조금씩 바르려구요."
70,2020.06.22,5점만점에 5점,"4세트 구입했어요...
미백에도 효과가 좋고,  여름에 관리를 더 잘해야 봄가을로 피부가 망가지지않아요"
71,2020.06.13,5점만점에 4점,재구매 했어요 기미가 화장품으로 없어질리는 없지만 넓게 퍼진 기미가 옅어지고 크기가 좀 줄었어요
72,2020.06.08,5점만점에 5점,"지난번산것 다쓰고 또주문했습니다
세일해서 가격대비 좋습니다
피부톤이  밝아지고  잡티가 많은데
조금씩 개선되는것 같습니다"
73,2020.05.29,5점만점에 5점,"한달정도 쓰고 있는데 기미가 아주 조금 옅어진거 같긴해요..
그것보다 보습에 좋고 피부가 좋아지네욯ㅎ"
74,2020.05.02,5점만점에 4점,이제 1병 사용했어요 저는 많이 바르는 편은 아니라서 아침 저녁으로 2주정도 사용했고 다른 기미크림을 같이 쓰고 있어서 인지 기미부분이 살짝 옅어진 느낌은 있어요~  좀더 꾸준히 사용해보고 좋으면 다시 구매할예정입니다
75,2020.04.20,5점만점에 4점,"광대쪽에 기미랑 잡티가 올라와서 예방차원에서 산건데
생각보다 효과가 있는거 같아요
좀 미미하게 있지만, 밝아지는 느낌도 있고
의외로 보습력도 있어요!"
76,2020.04.02,5점만점에 5점,"양이 적다는 점이 아쉽지만 써보고 만족해서 이번에 4개짜리 구매했어요~
마침 세일도 해서 좋은가격에 구매해서 좋네요ㅎ
더큰용량으로 제품 나왔으면 하는 바램~"
77,2020.03.31,5점만점에 4점,"잡티가 지우개처럼 지워질 일 없겠지만
혹시나 하는 마음에 계속 써보려고요
홈쇼핑은 너무 대량으로 구매해야 해서 테스트 삼아 네개만 구매해봤습니다"
78,2020.03.24,5점만점에 5점,"안맞는 제품 많은 예민한 수부지인데 트러블없어요 
미백은 단기간에 되는건 아니니까 꾸준히 써보려구요
가벼운 제형이라서 흡수빠르고 끈적임도 거의 없어요"
79,2020.03.02,5점만점에 5점,"기미 잡티 색소 침착에 좋다 해서 엄마를 드려봤는데
아직 경과는 더 지켜봐야겠지만 그래도 앰플은 좋네요
앰플은 묽은 타입이고 흰색이라 우유같은 느낌이에요
약간 약 같은 향이 나서 보니까 회사도 약품쪽이더라구요
그런만큼 효과가 좋을거라고 믿어봅니다!!ㅎ"
80,2020.02.13,5점만점에 5점,"가격은 좀 비싼편 입니다
제품은 순합니다
첫번채 앰플 사용 중 입니다
미세 하게 밝아지는 느낌 있어요"
81,2021.03.02,5점만점에 5점,어머니께 선물로 드렸는데 좋아하시네요 만족합니다
82,2021.02.25,5점만점에 5점,미백앰플 사용하면서 건성인 저한테 딱입니다. 촉촉함까지 유지해주니 너무좋아요
83,2021.02.18,5점만점에 5점,항상 쓰는 제품이예요 없으면 바로바로 여기서 사요
84,2021.01.10,5점만점에 5점,진짜 너무 좋아요ㅠㅠ 매번 세일할 때마다 사는 이유가 있습니다..! 바르면 다음날 피부가 달라져요
85,2021.01.01,5점만점에 5점,처음 사용하는데 사진 찍어서 장기간 비교해볼 생각입니다. 기미가 살짝 올라오려고 해서 후기 보고 구매했고 점성이 있는 제형인데 끈적이지 않고 피부에 스며들어서 신뢰가네여^^
86,2020.12.17,5점만점에 4점,"어제 받고 두번 사용해봤어요.
발림성은 그렇게 좋은 듯하진 않아요 약간 뻑뻑하게 발리는거 같고.
기미 잡티에 효과가 있길 기대하면서 일단 1달 사용해보려구요"
87,2020.12.05,5점만점에 5점,작은 양에 놀라지만 바르고나면 그 효과에 또 놀란다는 센텔리안 마데카 앰플입니다. 미백에 특화된 크림으로 기미에 효과가 있다고 하는데요 개인적인 느낌으로는 확실히 침착된 부분이 밝아지는 느낌이 들어서 좋네요.
88,2020.11.30,5점만점에 5점,"유명해서 써봤는데 역시.. 소문에는 이유가 있군요..
속광이 돌고 자잘한 트러블들이 눌러지는 느낌이네요
가격은 사악하지만 그럼에도 쓸만합니다.."
89,2020.11.22,5점만점에 5점,3개월넘게 쓰는데 마스크때문에 검게 착색된곳이 환해졌어요
90,2020.11.17,5점만점에 5점,"한약재향이 나구요 촉촉하네요 윤기도 나고
건성피부에 좋을거 같애요"
91,2020.11.05,5점만점에 5점,피부가 환해진단소리에 사서 쓰고있는데 한통써봤는데 더 써봐야할거같아요.
92,2020.10.31,5점만점에 4점,두번째 구매 사용중입니다~톤업은 확실합니다~~
93,2020.10.29,5점만점에 5점,샘플 써보고 좋은거 같아서 구매했어요 다쓰고 좋으면 또 구매하러 올께요
94,2020.10.16,5점만점에 4점,"상품의 질은 괜찮은 것 같고.. 더 써보고 싶은데..
솔직히 가격이 너무 사악해서 재구매 할 지는 고민해 봐야할 것 같아요. 
사용일수랑 용량을 비교하면 명품 화장품 가격보다도 비싼 것 같아요. ㅠㅠ"
95,2020.10.09,5점만점에 5점,자극도 없고 별로 기대 안했는데 은근 효과가 있는거 같아요 크게 피부과 만큼 효과는 아니지만 탄 피부나 주근깨가 좀 연해지는 느낌 선물용으로도 딱이네요
96,2020.10.07,5점만점에 4점,할인하길래 냉큼 구매햇는데 바로 품절되더라구요 피부가 좀 칙칙해져서 사용중인데 아직 눈에띠는건 업지만 발림성 좋고 흡수는 잘 되는거 같아요 일주일 효과 난다고 광고하던데 일주일뒤 기대해봅니다
97,2020.10.05,5점만점에 5점,"마데카 앰플은 제가 넘 애용하는 제품이예요..
촉촉하고  탄력도 좋아지는  것 같아요"
98,2020.09.04,5점만점에 5점,아직 사용해보진않았는데 좋다고 해서 구매했습니다~
99,2020.09.02,5점만점에 5점,기미로 고민하고 있는 요즘.. 검색 통해서 센텔리안 앰플을 알게 되었어요. 센텔리안은 예전에 크림도 만족하며 사용했어서 의심없이 바로 구입! 일단 향이 별로라는 평이 있었는데 향에 민감한 저는 크게 거부감은 없었어요. 나쁘지도 그렇다고 좋지도 않아요 ㅎㅎ 꾸덕꾸덕해서 피부에 잘 스며드는 것 같은 느낌! 아직 오래는 안썼지만 좋아질거라 기대중이예요~~!
100,2020.03.10,5점만점에 5점,"두 통째 사용중입니다
촉촉하고 순해서 바르고 자면 윤기나고 여드름 진정되는 기분이에요
기미때문에 쓰고있긴한데 기미는 좀 더 써봐야 알거같아요"
101,2020.02.26,5점만점에 4점,"음~ 써본지 몇일안되어서 좋은지 잘모르겠어요~
마데카크림이 넘좋아서 같이쓰면 시너지효과가 있지않을까하는 기대감에 주문했어요~ 가격도 비싼것같고~ 효과있었음 좋겠어요~"
102,2020.11.30,5점만점에 5점,꾸준히발라주는대 드라마틱하게 밝아지지는 않구 기미가 조금 옅어졌어요
103,2020.11.20,5점만점에 5점,매번 쓰는데 너무 좋아요! 기미도 점점 옅어지는 것 같고 ! 몇통째 쓰고 있어요!?
104,2020.11.17,5점만점에 5점,비싼만큼 제값을 하는 제품! 너무너무조아요 매번 재구매합니다
105,2020.11.08,5점만점에 5점,부드럽고 촉촉하고 두껍게 발라지지 않아 밀착감 좋음
106,2020.11.08,5점만점에 5점,"부드럽고, 촉촉하고, 두껍지 않게 발라져 밀착감이 매우 좋음"
107,2020.11.03,5점만점에 5점,"촉촉하고 톤이 환해진 느낌입니다. 흡수력 짱!!
재구매 의사 각"
108,2020.09.03,5점만점에 5점,자극없이 순하고 흡수력이 좋아요. 피부톤도 맑아지는 것 같아요.
109,2020.08.31,5점만점에 5점,"배송이 빠르고 좋아요
잘 사용하도록 할께요^^"
110,2020.08.29,5점만점에 5점,깔끔하게 포장되어서 왔고 토너 후에 발랐는데 자극없고 향도 괜찮고 만족해요 :)
111,2020.08.28,5점만점에 5점,"쓰면 확실히 좋다는걸 알수있어요
다만 가격대비 너무 작아서 아쉬워요ㅠ"
112,2020.08.27,5점만점에 5점,홈쇼핑서 사서 쓰는데 저렴하게 팔길래 얼른 주문했어요. 미백에 도움되는 듯합니다
113,2020.08.27,5점만점에 5점,피부가 매끈해지긴하는데 진한 잡티 기미에는 아직 효과를 못봣어요 꾸준히써볼게요
114,2020.08.27,5점만점에 4점,후기 믿고 구입했어요 좀 더 사용해봐야 알듯요~
115,2020.08.24,5점만점에 5점,선물했어요 잘 쓰고 있다고 하네요ㅎㅎ 나중에 저도 써보려구요
116,2020.08.22,5점만점에 5점,기미때문에 주문했어 세일도 하고..기미가 없어졌으면해요
117,2020.08.19,5점만점에 5점,수분감 좋고 주변에 추천하규 싶어요!!!!ㅁㅁㅁ
118,2020.08.18,5점만점에 5점,아직안써봤는데 댓글이 좋다길래 사봤네요. 좋음 다시 남길게요
119,2020.08.15,5점만점에 5점,할인해서 사서 좋음. 환해짐 양이 좀 적은 듯
120,2020.08.14,5점만점에 5점,마구마구 좋아지지는 않지만 서서히 좋아지는거같아서 꾸준히 구매하고 있어요
121,2020.08.13,5점만점에 5점,아직 한달동안 안써봐서 모르지만 꾸준히 발라볼려구요
122,2020.08.12,5점만점에 5점,"가벼운 세럼이지만 얼굴에 영양은 주는 것 같아요~ 
피부에 잘 스며들어요^^"
123,2020.08.08,5점만점에 4점,크기가 작긴하지만 기미에 좋다고 해서 엄마께 선물해드렸습니다! 촉촉하니 좋은 것 같습니다
124,2020.08.05,5점만점에 5점,"센텔리안 엑스퍼트 마데카 멜라캡쳐 앰플
상품 만족 합니다."
125,2020.08.02,5점만점에 5점,향이 살짝 거부감이 있지만. 기대하며 잘쓰고 있습니다
126,2020.07.26,5점만점에 5점,좋아요ᆢ좋아요ᆢ 처음사용했는데  쏙 스며들고 자극도 없엉노
127,2020.07.25,5점만점에 5점,환해지는게 느껴지는것 같아요 기미나 색소 고민이신분들 추천해봅니다
128,2020.07.22,5점만점에 5점,재 구매해서 잘쓰고 있습니당!! 미백효과에 좋은거 같아요
129,2020.07.20,5점만점에 5점,"기미때문에 고인하다가  쓰게되었어요
만족하구요 보습도 정말좋아요 강추입니다"
130,2020.07.17,5점만점에 5점,미백은 효과가 좋구요 약간은 약냄새랑 따끔함이 느껴집니다~~
131,2020.07.16,5점만점에 5점,어머니 드렸는데 좋다고 하시네요. 촉촉하고 단지 양이 좀 적다고 하시네요
132,2020.07.15,5점만점에 5점,양이 너무작아서 아쉽지만 피부 쓸수록 피부 환해지는게 느껴져요!
133,2020.07.11,5점만점에 5점,바르고 자고 일어나면 피부가 뽀얘지는 마법 앰플!!
134,2020.07.06,5점만점에 5점,일주일 사용중인데...아직...잘 모르것어요~~
135,2020.07.05,5점만점에 5점,2통쓰고 구매한건데 아직 드라마틱한효과는 없지만 조금 옅어진거같아 또 구매했어요
136,2020.07.03,5점만점에 5점,"상품 정 말 잘 산것 같 아서 너무 좋네요
좋아요."
137,2020.06.29,5점만점에 5점,기미가 좀 흐려지면서 피부톤이 밝아진것 같아서 꾸준히 사용햐볼려고합니다
138,2020.06.27,5점만점에 5점,배송도 빠르고 좋은 것 같아요 주름 기미에 좋다고해서 엄마 드렸어요
139,2020.06.23,5점만점에 4점,후기가 좋아서  구입했어요   효과가 있었음 합니다
140,2020.04.27,5점만점에 5점,주근깨나 잡티에 도움이 된다고 해서 샀습니다. 쓴지 몇일 안되었지만 멜라닌 있는 부분이 조금씩 연해지는 것 같아서 효과가 있는 것 같아요
141,2020.04.27,5점만점에 5점,이틀째 쓰고 있어요.. 효과는 아직 모르겠지만 열심히 바르고 관리해 보려구요.. 쫀쫀한 느낌이 좋아요
142,2020.04.20,5점만점에 4점,"쓰던 화장품이랑 안 맞았는지 모가 나더니 이틀째날은
괜찮아지더라구요. 조금씩 하얗게 바뀌는 것 같아요~"
143,2020.04.02,5점만점에 4점,"피부결 정리 후 앰플 사용해요
향도 좋고 5일사용, 조금 피부톤과 잡티가 미세하게 사라지는걸 느껴요^.^"
144,2020.03.31,5점만점에 4점,기미에 좋은 앰플 한번 구입해봤어요.향이 연고향같이 독특하네요.ㅎ꾸준히 써서 기미가 연해졌음 좋겠네요.
145,2020.03.10,5점만점에 5점,"기미가 고민되서 처음 주문해봅니다
병풀이 들어있대서 순할거같아서 써봅니다"
146,2020.03.08,5점만점에 5점,예민해서 미백제품을 잘못쓰는데  기미주근깨가 심해져서 써보려고 삿는데 자극없이 잘사용하고있어요
147,2020.03.04,5점만점에 5점,바르고나면 자르르하면서 피부톤이 맑아지는 것같아요.주름도 좀 펴지는거 같구요.정말좋아요.저렴하게 구입잘했어요
148,2020.02.25,5점만점에 5점,지난가을 기미가 심해져 고민하던중 반신반의로 구매했는데~ 피부가 환해진듯 맘에 들어요~ 재구매 의사 있어요.
149,2020.11.09,5점만점에 4점,진짜 좋아하는 제품이요 다소 아쉽다면 한병에 들어있는 제품이였음 좋겠어요 너무 불필요한 쓰레기가 발생해요 뚜껑마다 있는 플라스틱도 그렇고 7ml씩 쓰고 나면 용기 쓰레기가 생기니 살때마다 고민이네요
150,2020.08.03,5점만점에 5점,기미때문에 어머니 선물로 사드렸어요 효과 있다고 하시네요
151,2020.05.09,5점만점에 3점,좋아요 평점좋아구매해봅니다 좋아요좋아요 좋아요
152,2020.05.06,5점만점에 5점,피부가 좋아졌어요~양이 작아서 좀 아쉬워요~~
153,2020.04.25,5점만점에 3점,비싸게 주고샀는데 효과는 없는거같아요 처음에 피부에 머올라왔어요
154,2020.04.24,5점만점에 5점,기미때문에 샀눈데 좀 괜찮은 것 같네용!!!!
155,2020.04.23,5점만점에 5점,"발림성이좋구요 보습까지 있는제품이예요
기대기대하면서 꾸준히 쓸께요"
156,2020.04.13,5점만점에 5점,너무 좋아요!!! 기회가 되면 또 사고싶어요.
157,2020.04.08,5점만점에 4점,"퍼스트보다 덜 찐득해서 좋네요

향도 독하지않구요

효과가 있었음 좋겠어요"
158,2020.04.03,5점만점에 5점,마데카 믿고쓰는 제품 이번 제품도 촉촉하고 좋아요
159,2020.02.25,5점만점에 5점,생각보다 배송이 매우 빠르고 상품은 대 만족합니다
160,2020.02.07,5점만점에 5점,"써보고 좋길래 다 구매해봤어요
꾸준히 쓰다보면 좋아지길 바라면서 ㅋㅋㅋ"
161,2020.07.13,5점만점에 3점,제품도 괜찮고 좋은데 가격대비 용량이 너무 적은것 같고 끝까지 사용하기 불편한 용기에요 개선이 필요할듯
162,2020.07.15,5점만점에 5점,엄마 사드렸는데 효과는 잘 모르겠대요ㅠㅠ 싸게 사서 좋았고 무난한 앰플 같아용
163,2020.07.04,5점만점에 5점,자극없이 순하고 기미에 효과를 본거 같아요.. 기미가 연해졌어요
164,2020.02.08,5점만점에 4점,미백에 좋다해서 구매해봄~ 아직 이틀밖에 안되서 미백에  효과는 모르겟어여  꾸준히 바르면 되겟죠?ㅋ
165,2020.07.06,5점만점에 5점,속건조에도 좋은것 같지만 용량이 작은것 같아요ㅠ
166,2020.07.06,5점만점에 4점,
167,2020.07.04,5점만점에 5점,
168,2020.07.02,5점만점에 5점,
169,2020.07.01,5점만점에 4점,
170,2020.06.29,5점만점에 4점,
171,2020.06.27,5점만점에 5점,
172,2020.06.22,5점만점에 5점,
173,2020.06.16,5점만점에 5점,
174,2020.06.16,5점만점에 3점,
175,2020.06.14,5점만점에 4점,
176,2020.06.12,5점만점에 3점,
177,2020.06.11,5점만점에 5점,
178,2020.06.09,5점만점에 5점,
179,2020.06.08,5점만점에 5점,
180,2020.06.08,5점만점에 5점,
181,2020.06.08,5점만점에 5점,
182,2020.06.08,5점만점에 5점,
183,2020.06.06,5점만점에 5점,
184,2020.06.01,5점만점에 4점,
185,2020.05.24,5점만점에 5점,
186,2020.05.24,5점만점에 3점,
187,2020.05.20,5점만점에 4점,
188,2020.05.19,5점만점에 4점,
189,2020.05.04,5점만점에 4점,
190,2020.05.01,5점만점에 3점,
191,2020.04.25,5점만점에 5점,
192,2020.04.23,5점만점에 4점,
193,2020.04.19,5점만점에 5점,
194,2020.04.18,5점만점에 5점,
195,2020.04.18,5점만점에 5점,
196,2020.04.15,5점만점에 5점,
197,2020.04.04,5점만점에 5점,
198,2020.03.29,5점만점에 4점,
199,2020.03.26,5점만점에 4점,
1,2021.02.14,5점만점에 5점,"❤️민감/건성이의 인생 앰플❤️
✔️쫀쫀한 수분감!
✔️다른 히알루로산  제품은 안맞았는데 더랩바이블랑두 사랑해요🥰
✔️하루종일 촉촉해요
✨팁 : 앰플 한번으로도 부드럽고 촉촉하지만 건성인 저에게는 충분하지 않아요 3번 얼굴을 챱챱 두드려가며 흡수시켜주면 팩 한것 같은 촉촉함을 느끼실 수 있을거에요🙊❤️

🙋🏻‍♀️이런 분들께 추천드려요
👉🏻하다라보처럼 촉촉! 쫀쫀! 을 느껴보고 싶으신 분
👉🏻순한 수분 앰플이 필요하신 분
👉🏻속건성 잡고싶으신 분

🙅🏻‍♀️이런 분들은 비추천해요
👉🏻얼굴이 끈적한게 싫으신 분
👉🏻가격에 비해 양이 많은게 좋으신 분

✨참고로 패드는 그냥 그랬어요..ㅋㅋ 여행갈 때 토너 대신 하나 챙겨가면 좋을 것 같아요~"
2,2021.01.03,5점만점에 5점,"너무 건조해서 이 제품이 너무 좋아보이길래 
처음 사서 써봤는데 너무 잘 썼어요~
그 때 쓰고 다 써서 기존 있던 앰플로 다시 쓰는데 역시나 너무 건조하고... 성에 안 차서 다시 재주문했네요

그냥 물 제형이 아닌 (반?🤣)콧물제형으로 쫀쫀한 게 제일 만족스러워요 제 피부는 그냥 물 흐르듯 한 제형은 기분탓일지 모르겠는데 건조하더라구요... 

이거로 다시 갈아타서 바르니까 확실히 다시 피부가 쫀쫀해지는게 느껴져요 ㅎㅎ
토너도 있는데 토너는 닦토로 쓰는데 여기 제품은 다 좋은 것 같아요 ~ 
아! 패드도 써봤네요 ㅎㅎ 전 근데 앰플이 제일 좋은 것 같다는 ㅎㅎㅎ"
3,2020.12.12,5점만점에 5점,"히알루론산이 피부에 얼마나 도움이되는지 모르는 사람 없으시죠 ? 이 제품은 히알루론산을 전면으로 내세워 선보인데다 유명유튜버님이 착한 성분 앰플로 손꼽아주신 제품이라 저또한 믿고 구매 했는데용 ~~ ෆෆ

피부타입 👉 건성타입으로 날씨가 점점 추워지니 얼굴이 갈수록 더 당기고 갈라지는 탓에 속건조부터 잡자! 생각하고 써보게 되었답니다. ㅎㅎ

보습감 👉 도포후 톡톡 두드려주었을때 빠르게 흡수되며 피부 속부터 수분감이 차오르는게 느껴졌어요 ! 무엇보다 고농축에 종결 앰플이라 소량만으로도 피부 생기를 충전하기엔 딱 좋은것 같아용 ㅎㅎ

자극정도 👉 유해 성분 X, 자극 없이 필요한것만 보충이 되는것 같다고 할까요 ? 수분=히알루론산인데 무려 만ppm이나 들었고 식품의약품안전처인 GMP인증까지 받은 EWG 그린처방이라 그런지 자극은 전혀 느끼지 못했답니다 !

재구매 👉 건성 피부라 환절기엔 아무래도 보습 케어가 가장 중요하다고 생각을 하는 1인인데용 ! 이 앰플을 사용해보니 수분을 촘촘하게 채워주면서 피부 각질은 잠재워주고 탄력까지 더해주니 다 쓰게 된다면 충분히 재구매 할 의사가 생기는 그럼 제품 같아용 ㅎㅎ 한가지 팁을 드리자면 제형 자체가 묽은 제형이라 가볍게 발리며 쫀쫀하게 마무리가 되지만 약간의 끈적임이 남기 때문에 아침보단 저녁에 사용하는걸 추천할게용 !"
4,2021.03.03,5점만점에 5점,"겨울,환절기에 사용하기 너무나도 좋은 제품인것 같아요!!
속건조, 피부 열, 홍조가 매우 심한편이라 항상 저 셋으로 인해 고통받으며 살아왔어요🥲🥲 그래서 앵간한 스킨케어 제품들에 만족감을 잘 못느끼는 편이고, 이것저것 매우 많이 사용해본 편인데 이 제품.. 정말 제가 사용해본 수많은 제품들중 다섯손가락 안에 꼽히는 제품력이에요!!
✔️우선 향은 거의 무향에 가깝습니다
✔️쫀쫀한 수분감이 피부에 듬뿍 쌓여요🤭
✔️보습력 대비 꽤나 빠른 흡수력을 자랑합니다 !!
✔️비록 고작 사용한지 이틀째이긴 하지만, 아직 트러블이나 뾰루지등 피부에 자극이 1도 없어요 !!
✔️과대포장 없는 작은 사이즈로, 휴대성이 매우 용이합니다
바이블랑두에 같은 라인의 토너패드랑 사용했을때 더 큰 시너지효과를 느낄 수 있었어요!
너무너무 만족스러운 제품입니다😆"
5,2021.03.02,5점만점에 5점,"건조한 계절에 하루종일 마스크 쓰고 히터 쐬는 환경에 노출이 많이 되다보니, 크림을 발라도 속건조가 심해져서 보습에 치중해보려고 샀어요. 피부 깊숙히 전달되는 저분자 히알루론산 성분 때문인지 바르면 즉각적인 촉촉함 뿐 아니라 보습감이 오래 지속돼요. 30대가 되고나니 잔주름도 표정 많이 지어지는 부위에 좀 보이고. 나비부위 주변으로 모공도 넓어지고. 마스크 닿는 부분은 더욱 예민해지고 탄력감이 떨어지는 것 같아요. 기능성 성분에는 알러지가 있는터라 노화는 수분감을 보충해주면 충분히 핸들링이 된다는데, 이 제품은 부드럽게 발리면서 빨리 흡수되는 수분감이 좋아 다 쓰면 재구매의사도 있어요☻"
6,2021.02.27,5점만점에 5점,"*** 겨울에 꼭 찾는 수분 가득한 앰플~~
 1. 보습력 : 지인짜 보습 최고예요^^ 건복합성인 저에게 딱 좋은 보습이 느껴졌어요~
 2. 발림성 : 촉촉하게 잘 발립니다!
 3. 흡수력 : 흡수가 나름 빠른 편이고 마무리감은 끈적임이 있긴 합니다. 하지만 저는 수분감이 너무 마음에 들어 4통 이상 사용한 제품이에요~
(끈적임 싫어하시는 분들께는 비추천드려요 ㅠㅠ)
 4. 스킹케어 루틴 : 저는 이 히알로론산 토너, 앰플, 크림을 사용합니다! 겉도는 것 없으면서도 속건조가 느껴지지 않아 더 좋더라고요~ 건성 분들이나 건복합성이신 분들께 추천드려요^^"
7,2021.02.26,5점만점에 5점,"요즘 많이 건조해져서 수분감이 있는 앰플이나 에센스를 찾고있었는데 디렉터파이의 유튭채널을 보다가 수분감앰플에서 
1위한 이 앰플을 사야겠다고 마음먹어서 구매하였습니다.
*일주일간 사용하면서 장점/단점을 적어봤습니다*

🤍피부타입: 건성/볼 외곽과 턱 부분에 여드름 있음
🤍제형: 점성이 있으며 콧물같은 제형
🤍성분: 자극없이 순한성분. 
사용하면서 여드름이 다시 올라오거나 붉어지는것이 없었음
🤍향기: 무향에 가까움
🤍크기: 사진에 첨부한것처럼 립스틱 크기정도 됨.
🤍사용감: 적당한 양을 도포해주고 둥글게 흡수시켜주면 
속건조는 잡아주고 피부는 맨들맨들해짐. 다만 너무 많은 양을 도포할 경우 밀릴 가능성이 많음.

😊 -향기가 무향에 가까워서 향기에 예민한 분들도 부담없이사용가능
-흡수를 다 하고 나서 끈적거림없이 산뜻하게 마무리되서 끈적거림이 싫으신 분들이 사용해 봐도좋을거 같아요
-성분이 순해서 민감성 피부에도 추천해요

🤔 -제품의 용기가 불투명해 남은 양을 파악하기가어려움
-점성이 있다보니 얼굴에 도포하고 두드려서 흡수시킬때 
얼굴에 자극이 될 수 있어요
-얼굴에 흡수가 미흡하면 다음단계에서 밀릴 가능성이높아요

❤총평
수분감 또는 속건조를 잡는 앰플을 찾고 있다면 이 제품을 
추천드릴게요!! 순한성분에 비교적 빠른 흡수감을 갖고있고
속건조도 확실하게 잡아주고 2번 레이어링 해서 발라주면 
수분감이 팡팡! 한게 건조한걸 못 느끼겠더라구요ㅎㅎ
저는 다음에도 재구매의사 무조건 있습니다☺"
8,2021.02.22,5점만점에 5점,"요즘 피부가 너~무 심하게 건조해서 좋다는 보습제품들을
브랜드별로 종류별로 여러 개 사서 사용해보고 있는데요.
그 중에 하나가 이 제품이었어요!

이 제품은 이 브랜드 스킨 사용해 만족스럽게 사용한 적이 있기도 하고, 후기도 좋길래 구매해봤어요.
이 제품 우선 성분이 너무 순해서 마음에 들었어요.

순한 성분만큼이나 피부 자극도 안 느껴져서 좋았구요.
발림성도 좋았고 흡수도 잘 되었어요.
보습력도 좋은 편이긴 한데, 
제가 지금 워낙 피부가 건조하고 속당김을 잘 느끼는 편이라,
이 제품만 바르기에는 좀 부족했어요.
수분크림도 같이 발라줘야 할 것 같아요.

향도 거의 무향이고 성분도 순하고
어느 하나 모난 점 없는 착한 수분앰플이에요.

건성인 분들이 겨울에 쓰기엔 조금 부족할 것 같고,
저는 재구매 하게 된다면 여름에 다시 생각해보려구요!"
9,2021.02.21,5점만점에 5점,"모두가 좋다고 해서 호기심에 구매했다가
너~무 좋아서 행사하길래 두 개 더 구매했네요^^
화장품 광고카피는 거의 믿지 않는 편인데
이건 정말 카피 그대로 속부터 수분을 채워주네요
감동했습니다ㅠㅠ
30년간 유목생활을 끝내게 되었어요..
다른 제품들 사용할 땐 주 2회 이상
일반 필링젤은 먹히지도 않고
스크럽 제품을 사용해야만 피부가 맨들맨들해졌는데
(심각한 수부지입니다.. 각질제거 안 하면 트러블이 올라오는..ㅜㅜ)
이거 사용 후 스크럽을 2주  1회 할까 말까 하네요
각질이 거의 올라오지 않아요
이 가격에 이런 제품을 만들어 주시다니 감사합니다~~"
10,2020.12.30,5점만점에 4점,"속건조에 추천 받아서 구매했어요. 전에도 환절기에 사용했었는데 가볍게 토너로 정리하고 천천히 두세번 레이어 해서 바르면 건조함 잡히고 좋아요. 마무리감이 끈적이는 감이 있어서 그런 느낌 싫으시면 다른 제품 쓰시는거 추천드리고, 개인적으로는 그런 느낌이 더 흡수 된거 같고 좋아서 사용해요. 히알루론산 특유 느낌인거 같기도 하네요. 한번만 넉넉히 얹어줘도 쫀쫀한 마무리가 되서 만족해요. 많이 건조하거나 마스크 때문에 홍조가 좀 올라온다 싶으면 두어번 얹어서 사용해요. 그리고 크림으로 얇게 레이어 하고 자면 아침까지 건조함 없이 촉촉해요."
11,2020.10.06,5점만점에 5점,이제품 전문가 추천한 어느 글보고 사보고 싶었는데 이번에 세일도하고 필링 패드도 준다고 해서 사봤어요. 30밀리 용량으로 미니미 하네요. 건성피부라서 수분이 항상 부족한데 속당김이 신기하게 없네요. 토너로 닦고 앰플만 바르고 메이크업 시작해도 촉촉하게 잘먹어요. 저녁엔 수분크림 한번더 발라주면 자는동안 속으로 쏘옥 흡수되는 느낌이에요. 딱 건성피부인 제가 찾던 수분앰플 세럼입니다.
12,2020.12.31,5점만점에 5점,"장점
1. 메이크업 하기 전에 기초로 사용하기 좋다.
2. 세일가 16000원은 저렴한 편인 것 같다. 거기에다 패드까지 무료 증정하니, 굉장히 살만한 가격이다.
3. 트러블 나지 않고 순하게 사용하기 좋다.
4. 화장할 때 밀리지 않게 적당히 촉촉함.

단점
1. 바른 직후에는 수분감이 충만하나, 촉촉한 게 얼마 가지 않는다.
2. 양이 너무 적다. 제품을 실제로 보니 생각보다 굉장히 작았다...
3. 용기 디자인이 좀 유치하다. 좀 더 예쁘고 세련되게 바꾸면 좋을 것 같다.


얼른 대용량이 나왔으면 좋겠어요. 재구매 의사 있습니다!!"
13,2020.04.14,5점만점에 3점,"오 이거는 디파1위템이고 5500원딜로 구매했는데
앰플이 엄청 쫀득하고 히알루론산 있다하는만큼 수분감을 잡아주는 순한 앰플이란 느낌이 빡옴
앰플치고 가격도 좋고 성분도 좋고
왠지 샘플로 들어있는 패드도 엄청 좋을뻴!
ㅡㅡㅡㅡㅡㅡ
수정
아...이거 때처럼 밀려나옴.. 아침에 쓰면 절대안됌..
근데 그렇다고  엄청 촉촉하지도않음 ㅠ 바를때 느낌은 진짜 최고였는데...별하나 더 깎음 ㅜ"
14,2021.03.04,5점만점에 5점,"결론부터 말씀드리자만 추천드립니다!!

 저는 평소에 귀찮아서 수분크림이나 로션만 바르던 사람인데.. 아무래도 기존에 쓰던 제품들이 저에겐 겉에서만 미끈거리고 뭔가 피부에는 착 흡수가 안되는 느낌이라 앰플을 구매해봐야겠다는 생각이 들어서 구매하게됐어요.
 제가 원하던 느낌은 피부가 번들거리지 않고 피부 속까지 쫀쫀해서 바르고 나면 손이 찹 달라붙게 되는 수분감이었고, 번들거림이 없는 제품을 원했어요.
 근데 이 제품이 그런 저의 니즈를 잘 충족시켜줬네요! 가격도 세지 않으면서, 양 볼에 한 방울씩 떨어뜨리고 펴발라주면 쫀쫀한 피부가 돼요. 화장도 잘 먹구요, 다 흡수되고 나면 과한 쫀쫀함이나 번들거림은 싹 없어져요. 다 쓰고 나면 재구매 의향도 있슴다 :)"
15,2021.02.23,5점만점에 5점,"일단 정말 자극없이 순하고요, 바르기 시작한지 며칠만에 #속당김 이 모두 잡혔습니다!! 다소 아쉬운건 양이 적다는 점인데 애초에 조금만 발라도 보습효과가 있어서 저는 조금씩 바르고 위에 다른 크림을 발랐어요!! 쓰자마자 속당김이 잡히는 효과가 바로 나타나고 너무 좋았어요!! 재구매 의사 확실합니다! 쟁여두고 사용하고 싶은정도에요!! 저처럼 무거운 제품은 부담스럽고 잘 안바르게 되는데 속당김이 있고 건성인 피부에 추천드려요!! 그리고 #흡수 가 몇번 두드리면 금방돼서 바로 화장하기에도 편했어요!! 따로 위에 다른 제품 바르지않아도 충분히 촉촉했고 위에 피부화장했을때 들뜸현상도 없었습니다-!!"
16,2021.02.21,5점만점에 5점,겨울이여서 얼굴이 많이 건조해진 것 같아서 앰플을 하나 구매해보았습니다. 디렉터파이님의 추천을 받아서 순하다는 더랩 바이블랑두 브핸드의 올리고 히알루론산 앰플 기획세트 (패드 증정) 을 구매했네요. 때 마침 세일도 하고 있어서 저렴하게 구매한 것 같아요. 근데 받아보니 30ml라 확실히 병이 작고 양도 적은 것 같네요. 패드는 아직 안써봤는데 패드보다는 앰플 자체의 평이 더 좋더라고요. 앰플은 그냥 무난합니다. 사용후에 약간의 끈적임이 남아있지만 거슬릴 정도는 아니고요 또 잘 흡수되어 그런건지 엄청 물이 찰랑찰랑 하듯이 촉촉한 느낌도 아니네요 그렇지만 순한 것 같긴 해요 더 써볼게요
17,2021.02.09,5점만점에 5점,"두번째 구매입니다 처음에 한통 다 쓰긴 썼는데, 바로 흡수되어서 바른듯 안바른듯하여 다른걸로 갈아탔다가 피부 다 뒤집어져서.. 다시 이걸로 바꿨어요 😂😂
마침 세일하고 있어서 구매했는데 이걸로 계속 정착할거같아요❤️"
18,2021.01.06,5점만점에 5점,"피부가 엄청 예민하고 건서이면서도 티존 부위에 유분이 많아 좁쌀이 잘 올라오는 피부입니다
그래서 화장품을 최대한 간소하게 써서 항상 스킨이랑 크림만 바르다가 얼굴에 너무 영양을 안 주는것 같아
순하다고 햐서 한번 사서 써봤는데
트러블이 없어서 좋네요
그리고 촉촉한 느낌보단 촘촘한?느낌??
유분없이 바로 스며 들어거 피부에 보호막이 씌어지는 느낌이예요
그래서 아주 맘에 들어서 당분간 이 아이러 정착 예정입니다
저처럼 유분기가 있고 예민 피부인 분들 추천해요!!"
19,2020.11.23,5점만점에 5점,"진짜 너무 좋아요!
저번 겨울 타사이트 추첨제에서 당첨되어 처음 사용해봤는데 겨울철 히터 바람에도 건조해지는게 훨씬 덜하고 속보습이 진짜 좋더라구요!!
진짜 보습감이 너무 좋고 제품 바르기 전 기초단계에서 충분히 흡수시키지 않고 바르게 되면 제형이 합쳐져서 끈적이는감이 없지 않아 있지만 그 끈적임을 이기고 계속 두드려서 흡수시켜주면 바로 괜찮아지더라구요ㅎㅎ
진짜 사용하면 할수록 제품 바르지 않고 있어도 피부에서 광이 나고 피부 결이 좋아지더라구요! 
가장 아쉬운 점은 용기인데요,,,ㅠㅠ 용기가 투명하지 않아 남은 용량을 확인할 수 없는 점이 가장 아쉬운 것 같아요..ㅠㅠㅠ 
그리고 가격도 30ml용량에 조금 나가는 것 같지만 확실히 효과가 있고 성분이 좋아서 세일하게 되면 용서가 됩니당ㅎㅎ
다음에도 재구매할거에요ㅎㅎ"
20,2020.05.09,5점만점에 4점,"데일리로 사용하기 좋아요
저렴한 가격에 잘 구매했어요
바르고 나서 쫀득거리는 느낌은 나지만 평소 사용했던 셀리맥스 노니앰플보다는 조금 덜 한 느낌이었어요"
21,2020.04.29,5점만점에 4점,바르고 금방 흡수되는지 매트하게 마무리됩니다 바르고 나서 딱히 자극적이거나 건조하다고는 못느꼈어여 근데 화장하기전에 이거 바르고 에스쁘아 선크림 바르면 각질인지 뭔지 몽글몽글하게 밀립니당 ㅠㅠ 그래서 밤에 바릅니당
22,2020.04.23,5점만점에 4점,"크림을 두통 비울정도로 워낙 만족하면서 썼기 때문에 앰플도 큰 기대 안고 구매했습니다
기대만큼 수분감 낭낭해서 즉각적으로 채워주는 느낌을 받았습니다!
특히 속보습에 엄청 좋아요 ~~!!!"
23,2020.04.20,5점만점에 4점,"1. 생각보다 매우 작다
2. 보습력은 최고
3. 샘플로 준 패드는 체험해보기는 적당하나 역시 확연하게 좋다는 느낌은 못 느낌

총평: 보습력은 좋으나, 생각보다 양이 작아서 아쉬움."
24,2020.04.17,5점만점에 4점,"추천을 정말 많이 받아서 써봤었는데 보습력 뛰어나고 성분이 좋아서 만족했어요~점도가 좀 있는 제품이라 발림성은 개인적으로 살짝 아쉬웠는데 그래도 바르고 나서 끈적이지는 않아요!
이번에 세일하길래바로 또 샀어요"
25,2020.04.15,5점만점에 5점,"패드만 우선 사용해봤은데 가벼우면서 은은하게 광채 나는 제품인것 같아요 앰플는 용량이 엄청 작네요 
근데 전 큰거 사서 다 못쓰는 타입이라 
작은 용량 좋네요
10ml짜리 샘플과 비교샷 보세요"
26,2021.02.20,5점만점에 4점,"크림써서 이것도 주문해봤어요
히알루론산 들어있어서 바를때 꾸덕촉촉하고 스며들고 나면 뽀송하네요"
27,2020.12.24,5점만점에 5점,더랩바이블랑두 앰플 너무너무 좋아요!! 듬뿍 바르면 쫀쫀하고 좁쌀 없어지는게 눈에 띄게 보인답니다 ㅎㅎ 근데 양이 적은지 2주마다 사는 것 같아요.. 양에 비해 비싼 감이 없지 않아 있는 듯 합니다 ㅠㅠ 패드 줄 때 하나 더 쟁여야겠어융 패드도 사용해보니 좋은데 너무 비싸 ㅠㅠ
28,2020.12.23,5점만점에 5점,엄청 쫀쫀 촉촉해요 두드려서 흡수시키면 안밀려요
29,2020.12.13,5점만점에 5점,토너 크림 다 써보고 좋아서 앰플들 사봤어요 ㅎ
30,2020.10.18,5점만점에 4점,"두병째 사용한 후기입니다
보습력이 엄청 많게 느껴지지 않아 가볍게 바르기에 좋은 앰플이에요 
얼굴에 발랐을 때 싹 스며들면서 끈적거리는 감이 있더라구요
저는 같은라인에 크림을 발라주는데
끈적임없고 밀리거나 건조하지 않아요
한겨울에 바르기엔 부족할 것 같고
가볍게 바르기에 좋을 것 같아요"
31,2020.10.06,5점만점에 5점,"스킨과 크림 사용중인데 에센스도 구입했어요.
예전에 한번 사용해보고 좋았던 기억에 망설임 없었어요.
피부가 워낙 예민하고 여드름도 잘 올라와서 화장품 이것저것 바르지 못하는데,
더랩 바이 블랑두 제품들은 성분이 좋아서 제 피부에 트러블없이 잘 맞아요.
날씨가 추워져서 아무래도 꼼꼼하게 보습해야 할거 같아 스킨, 에센스, 크림까지 잘 사용해 볼게요^^"
32,2020.07.13,5점만점에 4점,"패드는 아직 안써봤구요
앰플은 사용중인데 수부지인 제 피부에는
보습이 생각보다 약하다고 느껴졌어요"
33,2020.04.27,5점만점에 4점,바르면 피부가 쫀쫀해져요! 싸게 할인해서 사봤는데 만족합니다. 민감성이데 피부가 뒤집어지지도 않고 큰 자극없어서 좋아오!
34,2021.03.01,5점만점에 4점,약간 물같고 성분이 순해요 속건조에는 도움이 안되지만 이정도면 괜찮아요
35,2021.02.24,5점만점에 5점,"두번째 구입하는 거에요. 저는 지복합성이고, 열감이 느껴지는 피부타입에 건조하면서도 기름진 피부입니다. 확실히 수분을 충전해주니 기름진게 덜해요. 바르고 나면 바로 쫀쫀해져요 그래서 밤에 바르기에 좋고. 아침에 화장할때도 바르면 되긴하지만 화장을 그 위에하려니 약간 찐득하게 느껴지기도해요. 흡수되는 시간을 넉넉히 주면 화장하기 좋음"
36,2021.02.20,5점만점에 5점,동생이 여드름 피부라 선물해줬어요! 다른 후기들처럼 꼭 개선되길..!🙏🏻
37,2021.02.19,5점만점에 4점,"선물용으로 구매했어요!

친구가 추천한 크림이라 동일 제품으로 에센스도같이 구매"
38,2021.01.30,5점만점에 5점,제가 보는 유튜브의 추천으로 샀어요 성분도 좋고 역시 너무 좋아요 쫀쫀하고 건성피부에 짱입니당 일주일에 한번씩 꼭 발라요
39,2020.12.22,5점만점에 1점,"솔직히 기대를 너무 많이 해서 그런지 별로였어요.
이거 바르고 피부 뒤집어 지고 제형은 답답한데 속당김 장난 아니에요... 이런 앰플 처음이에요. 사봤던 것 중에 최악........."
40,2020.12.12,5점만점에 5점,"벌써 한통을 다 썼네요!! 바르고 난뒤에는
약간은 끈적임?이라해야하나 그런 느낌이 있는데
조금 지나면 스며들어서 괜찮고 쫀쫀한 느낌이 있어서
잘 썼어요!"
41,2020.12.11,5점만점에 5점,"와 아침마다 너무 건조해서 디파 추천을 뒤지다가 찾아서 구매한 제품입니다 
너무 좋습니다 쫀쫀하니 자극적이지도 않고 다음날 속당김이 확실히 줄어듭니다"
42,2020.12.05,5점만점에 5점,종일 마스크를 착용해서 그런지.. 볼과 입술 주위가  붉어지고 가려움이 느껴져서 더랩 바이 블랑두 앰플과 카밍크림 구입하여 사용. 피부가 많이 진정되고 편안해짐. 지속적으로 사용해 보려고 함.
43,2020.10.30,5점만점에 5점,"환절기 부터 겨울까지 사용하기 좋은 보습용 제품이에요.
히알루론산이 들어가있어 쫀쫀한 질감이고, 얼굴에 발랐을 때는 속부터 채워주는 듯 한 느낌이 들어요. 쫀쫀한 제형의 제품이라 발랐을 때 끈적이지 않을까-걱정하시는 분들이 계실 텐데, 잘 두드려 발라주시고 조금 시간이 지나면 보송하게 마무리 되니까 이 점은 너무 걱정안하셔도 될 듯 합니다."
44,2020.10.22,5점만점에 5점,"이가격에 이렇게 쫀쫀하고 수분감 좋은제품 없어요
앰플 매니아로서 15만원짜리 ㄹㅍㄹ앰플과 비슷하단 느낌을 받았어요 그돈으로 이걸사서 들이부을걸 그랬어요ㅜㅜ
아무튼 이건 3병 넘게 사용했지만 앞으로도 쭉 쓸예정입니다 재구매의사 확실해요"
45,2020.10.19,5점만점에 5점,"건성이라 땡김이 심한데 수분공급에 좋다고해서 구매했어요
끈적임없고 진짜 물같이 발리는게 가볍고 좋아요
수분이 채워지는지 확인할 수는 없지만 확실히 바르고 나면 땡기는건 없어서 좋습니다"
46,2020.08.19,5점만점에 5점,"여기브랜드제품을 평소에도사용하기때문에 좋을거라예상은하고 구매했습니다. 저는 수부지타입피부이고 민감한편이라 스킨케어제품을살때많이 고민되는데 역시 수분감촉촉하니 좋았고, 자극적인부분도없었고 전반적으로 만족했습니다. 심한건성분들께는 다소 가볍다고느껴지실수있으나, 수분부족형 지성분들한테는 안성맞춤아닐까싶네요. 흡수력도좋았고 이걸바른후에 크림을바르는데 확실히 수분감이오래지속되는걸 느꼈어요"
47,2020.06.19,5점만점에 5점,조금 점성이 있는 제품입니다. 다른 앰플에 비해서
48,2020.06.09,5점만점에 5점,"스포이드로 돼있어서 양조절이 쉬워요
파운데이션에 섞어바르면 촉촉하고 좋아요"
49,2020.05.30,5점만점에 5점,씻자마자 물기만 닦고 바로바르는 용으로 사용했는데 원래 쓰던 빌리프것보다 훨씬 자극도 덜 되고 순하면서도 얼굴 속까지 촉촉해지는 기분입니다! 처음엔 미끌미끌한데 바르고 나면 끈적임이나 미끌했던거 전혀 없이 전부 다 흡수됩니다! 다만 양이 적고 통이 불투명해서 얼마나 썼는지 모르겠네요... 아마 조만간 다시 사야될꺼 같네요! 좋아요!
50,2020.05.03,5점만점에 5점,지성 피부여서 답답하건 싫은데 이건 참 촉촉하고 좋네요~
51,2020.04.27,5점만점에 5점,"스킨케어제품을 다 히알루론산으로 바꿨어요! 그 중에 제일 맘에 드는게 이거예요

속까지 쫀쫀한 느낌 좋아요"
52,2020.04.16,5점만점에 5점,"촉촉한 앰플을 찾다가 지인이 추천해줘서 샀습니다^^
화장도 잘받고 넘 좋네용~~ 용량이 생각보다 핵 작아서 놀랬지만 잘써보려구요"
53,2021.02.18,5점만점에 5점,"디파님 탑오브탑에 든 제품이라 사용해봤는데, 일단 제형이 쫀쫀하고, 자극없이 순해요!! 지성이신 분들 중, 수분이 좀 부족한 ‘수부지’ 분들이나 건성이신 분들이 쓰시면 더 좋을 거 같아요 :) 수분이 충전되는 느낌?..."
54,2020.12.05,5점만점에 4점,구성이 좋은데 세일하길래 샀어요 패드는 처음인데 기대해봅니다 다만 배송이 일주일 걸려서 너무너무 느려요
55,2020.10.21,5점만점에 5점,"깐달걀처럼 얼굴이 맨들맨들해지네용~~

저는 극건성, 초예민 피부인데 잘 맞았습니다^^*
좋은 것 같아요!"
56,2020.09.29,5점만점에 5점,솔직히 속건조 심해서 산건데 생각보다 완전 촉촉하다 이정도는 아니고요 그냥 쫀득해진 정도? 대신 속건조는 못잡더라고요
57,2020.09.25,5점만점에 5점,"어쩌다보니 토너부터 쓰던 걸
크림도 쓰게되고 앰플도 쓰게 되었네요
제 피부에 딱 맞아요
자극적이지도 않고 보습도 잘 되서 너무 좋아요..."
58,2020.07.20,5점만점에 5점,"진짜 인생템. 여름겨울 다 좋아요
뾰루지 날려고하면 듬뿍 발라주면 그담날 쏙 들어가는거 같고 보습력이 진짜 좋습니다. 자기전에 바르고자면 아침에 촉촉함이 달라요"
59,2020.07.09,5점만점에 5점,"일단 엄청 가벼운 물제형은 아니고 쫀쫀해지는 약간 무거운느낌도 들어서 지성분들은 여름에 뭔가 토너랑 이 앰플하나만 발라도 좋을것같아요
일단 더랩바이블랑두제품인만큼 순하구요 자극전혀없네용 바르면 쫀쫀해져서 화장도 잘먹는느낌이에요"
60,2020.06.21,5점만점에 3점,앰플 좋다는 소리를  많이들어서 너무 기대했었나봐요ㅠㅠ생각보다 그냥 그래요. 다른 분들이 적어주셨듯이 용기가 불투명이라 얼마나 남았는지 모르겠는게 조금 불편하네요. 그래도 엄청 순해서 좋아요.
61,2020.06.20,5점만점에 5점,"이벤트 할 때 사서 아주 싸게 샀어요
전부터 지성인 줄 알고 있던 제 피부가 약간의 건성과 
거의 수부지 피부라는 걸 깨닫고 
피부에 긴급처방이 필요해 앰플을 찾던 중에
유튜브에서 이 앰플이 좋다는 영상을 보고
바로 겟했습니다 앰플은 자주 사용하는  편이 아니라
살짝 걱정했는데 이게 웬걸 지금 한통 다 써가고 
하나 더 사려고요.......... 진짜 수부지인 저한테 딱! 
지성이신 분들은 이것만 바르셔도 될 것 같고 수부지 이신 분들은
앰플 바르고 수분크림으로 마무리 해 주시는 게 좋을 듯 싶습니다
제가 앰플만 바로고 수분크림 안발랐더니 
살짝 트는 부위가 생기더라구요 굿입니다"
62,2020.06.08,5점만점에 4점,3통째 쓰고 있어요!!! 디렉터파이님 유튜브보고 사용했는데 좁쌀여드름에 효과가 좋아요👍🏻👍🏻 바르고 나면 쫀쫀하고 화장해도 안 밀려요!!
63,2020.05.28,5점만점에 4점,"솔직히 토너가 더 좋은것 같아요!
그냥 좀 확 수분감 주는 느낌은 떨어지고
기초 탄탄히해주고 마무리에 찐득함을 더해주는 느낌?!
전 차라리 토너를 구매할 예정입니당"
64,2020.05.21,5점만점에 5점,처음엔 사용감이 조금 끈적한 느낌이 들지만 피부에 빠르게 흡수되서 끈적함이 빠르게 사라집니당! 스킨이랑 이용중인데 완전 좋아요! 로션도 사고싶었르나 품절이라..ㅠㅠ아무튼 추천합니다!
65,2020.05.10,5점만점에 5점,"기초순서 : 세로징크토너-블랑두앰플-유세린 노말투컴비네이션크림
밤기초로 추천이에요!
초강력지성인데 피지가 줄고 톤이전체적으로환해졌어요ㅠㅠ
속건조가해결되서그런지 여드름도줄었음!!
강추입니다"
66,2020.05.03,5점만점에 4점,사용전이지만 성분이 착하고 괜찮다고해서 쟁여봤어요
67,2020.04.28,5점만점에 5점,토너가 워낙 유명해서 잘 쓰다가 앰플도 이번에 구매해봤어요. 순하고 좋아요.
68,2020.04.24,5점만점에 5점,원래 쓰던거라 재구매했어요! 저렴하고 순해요.. 약간 끈적이는 감이 있긴한데 로션-크림까지 바르고 나면 괜찮아져요!! 근데 용기가 불투명해서 얼마나 남았는지 가늠이 안가요;; 다 써가는 것 같아서 미리 구매했는데 쓰던게 계속 남아서 새건 아직 뜯지도 않았네요ㅋㅋㅋ
69,2020.04.22,5점만점에 5점,더랩바이블랑두 올리고 히알루론산 앰플 조아요!! 더랩 제품은 진짜 믿고 쓰는 브랜드죠!!! 기초스킨케어 전제품 사용중인데 앰플도 넘넘 조아요!! 이번에 선착순특가로 저렴하게 구매할 수 있어서 2배로 기쁜 특템!@@ 다음에 또 재구매하러 올게요!!
70,2020.04.20,5점만점에 5점,자극은 아직 없고 순하고 부드러워지는 느낌입니다
71,2020.04.17,5점만점에 5점,좋아요 순하고 좋을것같아요 배송도빠르고 좋았습니다
72,2020.04.14,5점만점에 5점,가격이 용량에 비해 비쌌지만 수분감 많다는 후기보고 샀어요!
73,2020.04.14,5점만점에 5점,"사촌동생 선물로 주문했는데 좋아하네요~
많이파세요!"
74,2020.04.06,5점만점에 5점,앰플완전 순하고 촉촉해서 토너사용하고 바르면 더 피부 속보습이 쫀쫀하게 되는 것 같아요 ㅎㅎ 패드는 화장지우고 볼이나 이마에 붙여뒀었는데 진정효과 좋은 것 같아요(*˙˘˙)
75,2021.02.26,5점만점에 5점,"앰플 매번 사용 하던 제품인데 토어패치도 사용해 보고 싶던 차라 구매해봤어요. 
속건조 심할 때 발라주니 좀 나라지더라구요."
76,2021.02.20,5점만점에 5점,"자극도 없고 보습 짱짱하게 잡아주네용
아직까지 트러블도 없이 피부가 탱탱해지는걸 느껴써용 ㅎㅎ"
77,2021.02.17,5점만점에 5점,"조금 끈적거리긴하는데 성분이 좋다고해서 구매했어요
순하고 괜찮은것같아요
증정품으로 오는 패드가 진짜 좋네용 ㅎㅎ"
78,2021.02.02,5점만점에 5점,"크림과 같이 사용하는데, 단독 사용보단 같이 사용해주는게 개인적으로는 보습면에서 더 괜찮았어요. 앰플도 진정효과가 나쁘지않구요~ 순해요"
79,2021.01.11,5점만점에 5점,"티존은 지성, 유존은 중건성인 복합성 수부지 타입 피부입니다. 더랩바이블랑두 브랜드 제품 평이 골고루 다 좋아서 패드, 앰플, 크림까지 다 사보았어요.
사실 앰플은 제가 늦게 산 거죠. 이미 화해에서부터 입서문 자자했던 제품이니까요. 일단 사세요. 두번 사세요. 세번도 좋아요.
또르륵 잘 흐르는 묽은 투명콧물 제형이에요. 양볼이랑 이마 턱에 쪼로록 흘려주고 쓱쓱 바르고 톡톡톡 ㅅ두들겨 흡수시켜주면 앰플치고는 쫀쫀하게 쫙 발리면서 흡수가 정말 빨라요. 그리고 수분감 쭈욱 올라옵니다. 저 속건조 심해서 앰플단계에서 수분감 느끼기 쉽지 않은데 이 제품은 속건조 딱 잡아주더라고요. 
괜히 유명한 게 아니에요. 써보니 수분충전앰플에 이만한 거 없어요. 쟁이세요, 여러분."
80,2021.01.03,5점만점에 5점,수부지인데 처음에 샀을 땐 찐득한 느낌이 싫어 있는 것만 쓰고 안 사야지 했는데 쓰다보니 보습이랑 진정에 좋아 지금 세 통째 쓰고 있는 제품입니다 스킨 바르고 이거 바른 후 흡수되면 마지막에 수분크림으로 마무리해요 가을 겨울에 사용하기 더 좋은 것 같아요
81,2020.12.23,5점만점에 5점,"너무 얼굴이 떙깁니다
앰플이라 촉촉할줄 알았는데 너무 떙겨요 별로"
82,2020.12.14,5점만점에 5점,성분은 말할 것도 없고 사용감도 좋아 대만족이에요!
83,2020.12.13,5점만점에 5점,순하고 쫀득쫀득..? 합니다. 발림성도 나쁘지 않아요!
84,2020.10.21,5점만점에 5점,똑같은 라인 토너랑 사용해요 사계절 언제든 사용하기 좋아요
85,2020.10.13,5점만점에 5점,"수부지 타입인데 가을되니 피부가 너무 건조해서 주문했습니다. 한 이주 쓰고 나니까 (약산성 클렌징폼 사용, 토너 따로 안씀) 속건조가 사라졌어요. 유수분 밸런스가 맞춰져서 그런지 기름도 덜 나옵니다. 앰플 발라주고 사용하던 수분크림> 재생크림으로 마무리해줬는데 피부상태 최상입니다. 그리고 기대 안했던 패드도 진정에 좋아요. 패드만 따로 더 사고싶을 정도입니다."
86,2020.10.04,5점만점에 5점,더랩바이블랑두 스킨이 너무 좋아서 점차 날이 추워져 속건조땜에 걱정되서 이 제품도 구매했는데 진짜 만족이에요. 여기 제품쓰면서 속건조가 진짜 많이 없어졌고 피부가 촉촉해져서 계속 쓸꺼 같아요. 저는 볼주변에만 떨어트려 바르고 잔여물도 전체적으로 흡수하는데 이 정도만 써도 진짜 쫀쫑해져요. 만족합니다.
87,2020.09.23,5점만점에 5점,이미 한 통 쓰고 또 사요 순하고 트러블도 안나요
88,2020.07.29,5점만점에 5점,더랩꺼 항상 써요. 쟁여두고 써요. 유명한건 토너지만 에센스나 크림 모두 보통이상 입니다. 수부지는 다 좋아할 것 같아요.
89,2020.07.02,5점만점에 5점,원래 쓰던 앰플을 다 쓰기도 하고 같은 라인 토너 쓰고 있어서 사봤는데 조금 끈적거리긴 한거 같아요 그래도 잘 흡수 돼요
90,2020.06.16,5점만점에 4점,"잡아주는 약간 쪼이는 땡기는 느낌있어요
고농축앰플이라 넘 좋고
여름날씨에 수분충전해주려고 구매했어요
젛아요🌺"
91,2020.06.15,5점만점에 4점,"부담없이 팍팍 쓸수있는 수분 에센스네요 
트러블 없고 순해요 약간 라이트한 감이 있지만 
더워지는 지금 날씨엔 딱 좋아요"
92,2020.06.08,5점만점에 4점,"쫀쫀하고 부드럽게 흡수됩니다
다 바른후에는 손가락에 찹찹 달라붙을 정도고
덧발라도 흡수가 잘됩니다"
93,2020.06.03,5점만점에 5점,"더랩바이블랑두 토너랑 같이 사용하고 있어요.
앰플과 셋트로 사용하니,
더 촉촉하고 효과가 좋네요."
94,2020.05.29,5점만점에 5점,언제나 화해앱에서든 어디든 상위랭킹에 올라와있던 상품이였는데 드디어 써보네요 기대만큼 무척 좋아요><
95,2020.05.29,5점만점에 5점,"요거 바르면 속건조 쫙 잡아주고
얼굴 탱탱해져요!
촉촉함도 오래 지속되구요!
토너도 정말 잘 사용했었는데
앰플마저 좋네요 ㅠㅠ"
96,2020.05.14,5점만점에 5점,이때까지 써본 앰플 중에 최고에요... 진짜 극악건성이라 기초 맨날 바꿔서 썼는데 이걸로 정착^^
97,2020.04.26,5점만점에 4점,수분 보습이 진짜너무좋아요!! 다만 바르고나서 약간 끈적해요!! 시간 지나면 점점 뽀송해집니당
98,2021.03.04,5점만점에 4점,순하고 촉촉한데 아침에 바르면 메이크업 시 밀리기도 해서 밤에만 발라주고 있어요!
99,2021.02.28,5점만점에 4점,자극없이 순한데 막 엄청 좋은건 잘 모르겠네용
100,2020.10.03,5점만점에 5점,"흡수가 탁월하고, 무엇보다도 보습력이 좋은것 같아요."
101,2020.09.26,5점만점에 5점,수분앰플이라 꾸덕하고 건조한 겨울에 발라도 속건조 하나도 없어요~ 항상 잘 쓰고 있어요
102,2020.09.26,5점만점에 5점,항상 속건조가 있었는데 이 세럼쓰고 확실히 촉촉해졌어옹
103,2020.09.25,5점만점에 4점,흡수는 빠른데 바르고 나면 약간 끈적한 게 있어서 저녁에만 발라요
104,2020.09.19,5점만점에 5점,5통째 사서 쓰고 있는 앰플입니다. 순간적으로 바로 수분이 채워지고 유분은 많지는 않아요
105,2020.09.16,5점만점에 4점,보습에 좋다고해서 구매했어요! 아직 많이 써보진 않았지만 만족하고있습니다
106,2020.09.08,5점만점에 5점,"동생이 좋다고해서 동생꺼 사면서
제꺼도 샀는데 좋으면 좋겠어요"
107,2020.09.05,5점만점에 5점,완전 쫀쫀해서 저녁에 바르고 자면 아침까지 보습 되는 느낌 강추입니당
108,2020.09.04,5점만점에 5점,"토너 쓰다가 앰플도 좋다고해서 구매해요
기획상품이여서 패드도 줘서 좋아요
워낙 순한 브랜드여서 믿고 사용해요"
109,2020.08.22,5점만점에 5점,진정에는 진짜 괜찮은거 같아요~ 이즈앤트리이 수분에센스도 유명해서 써봤는게 진정은 역시 더랩바이블랑두가 더 괜찮은거 같아요
110,2020.08.19,5점만점에 5점,기초는 전부 더랩바이블랑두 제품 쓰는데 아주 좋아요! 세일 자주해서 쟁여놓기도 좋고 만족합니다!
111,2020.07.07,5점만점에 5점,"극건성이 잘사용하는 제품이에요
사계절 수분공급용이구요 겨울에는 두번 레이어링하면 더 좋더라구요"
112,2020.06.18,5점만점에 4점,제형이 굉장히 쫀쫀하고 좋아요! 근데 아침ㅇㅔ 화장전에 사용하긴 약간 무거운감이 있고 밀립니다
113,2020.06.12,5점만점에 5점,꾸덕한 제형에 딱 바르면 수분팡팡일거같은 발림이에요. 이런 무거운 느낌 좋아요 단점은 용기가 불투명해서 얼마나 남앗는지 몰라요
114,2020.06.07,5점만점에 5점,"얼굴이 자꾸 건조해서 고민인데

바르고나면 얼굴이 쫀쫀해지는거같아요

자극없고 순해서 좋아요"
115,2020.05.31,5점만점에 5점,속건조가 너무 심해서 히아루론산 앰플 사봤는데 좋네요! 기존 쓰는 기초에 앰플만 추가했는데 건조함이 훅 사라진 느낌이에요
116,2020.05.17,5점만점에 4점,"건성이라 선택했는데 처음 바르자마자 먼가 끈적 거려서 후회했는데 바로 흡수 되서 불쾌하지 안았어요 
그래서 바로 1통 더 사놨습니다"
117,2020.05.16,5점만점에 3점,"기능적으로는 무난하고 괜찮은 듯한데 발림성이 끈적여요ㅠㅠ
그래서 흡수시키는 데 좀 시간을 둬야할 거 같네요"
118,2020.04.24,5점만점에 5점,"보습, 진정 다 좋아요~단독사용은 잘모르겠는데 같은라인 스킨쓰고 사용하면 시너지로 속건조에 너무좋아요!! 바르고나면 쫀쫀하구요. 대만족이에요. 스킨이란 앰플 정착느낌이에요 ㅎㅎ"
119,2020.04.15,5점만점에 5점,"부스팅 앰플 필요해서 검색후 샀는데, 마침 세일중이라 저렴하게 구입했고, 보습력 좋네요. 다만 통이 완전 불투명이라 얼만큼 썻는지 눈으로 확인을 못하는건 너무 아쉬워요."
120,2020.12.03,5점만점에 5점,"크림만 바르면 건조할때 사용해요.
건조할때 좋아요!"
121,2020.12.01,5점만점에 5점,겨울쯤부터 쓰기 좋은 촉촉한 앰플이에용 ㅎㅎㅎ
122,2020.11.26,5점만점에 3점,너무 순해서 잘 모르겠어요...화장품을 안바른거 같달까요
123,2020.11.15,5점만점에 5점,더랩 말하면 뭐해이 두통째 잘 사용하고 있어요 추천해요
124,2020.11.04,5점만점에 5점,써본 세람중 가장 좋아요! 피부에 뭐가 나지규 않고 엄청 촉촉해용
125,2020.10.27,5점만점에 5점,토너랑 크림도 쓰는데 좋아서 앰플까지 구매했어요 좋아요
126,2020.09.03,5점만점에 5점,유명해서 구매했다가 계속 사용중이예요~ 촉촉하니 좋아요
127,2020.09.03,5점만점에 5점,쫀득 쫀득해서 수분을 당장 채워주는 느낌 여름에도 잘 발라요
128,2020.08.23,5점만점에 5점,이거쓰고 이마에 좁쌀여드름이 다 사라졌어요!! 완전 좋아요!
129,2020.08.20,5점만점에 5점,앰플이 촉촉하니 매우좋아요!!다만!!양이아쉬워요 ~대용량이면좋았을꺼같은뎁
130,2020.08.17,5점만점에 5점,히알루론산 앰플로 토너없이 가끔 앰플만 발라주는데 건조하지않고 쫀쫀하니 좋아요
131,2020.08.16,5점만점에 5점,앰플로 피부가 참 촉촉해지네요 안에 들어있는 팩도 쓰기 참 편해요
132,2020.07.23,5점만점에 5점,"추천받아서 구매했어요! 흡수 잘되는 편이고, 순하고 좋아요!"
133,2020.07.17,5점만점에 5점,순해서 좋아요!! 그리고 많이 안끈적여서 쓰기 편했어요 ㅎㅎ
134,2020.07.13,5점만점에 5점,패드는 각질제거용으로 쓰고 앰플로 마무리하니 딱이네요.
135,2020.07.10,5점만점에 4점,민감한 피분데 자극없이 사용할 수 있었어요. 사용감은 약간 찐득해요.
136,2020.07.06,5점만점에 3점,좀 끈적인다는 느낌이 들고 기대했던 만큼은 아니어서 재구매는 안할 것 같네요
137,2020.07.06,5점만점에 5점,바르고 나면 쫀쫀한 느낌이에요! 나중에도 구매하고싶어요!
138,2020.06.30,5점만점에 4점,좋다고 해서 사봤는데 기대이상이네용 추천합니다
139,2020.06.26,5점만점에 5점,자극이 없어요 사용하는데 불편함도 없고 다음에도 이용할게요
140,2020.06.25,5점만점에 5점,"써보고 피부가 좋아진게 느껴져서
엄마거도 같이 구매했어요
엄마도 만족하셨음 좋겠습니당~"
141,2020.06.24,5점만점에 5점,일단 패드랑 세트라서 좋았구요 엄청 쫀쫀하고 무겁지 않아서 좋았어요
142,2020.06.23,5점만점에 4점,더랩은 저랑 잘맞아서 좋은거같아요 지복합성인데흡수도 잘되고 좋네여
143,2020.06.21,5점만점에 3점,건성보다는 다른 피부타입에 더 좋을거 같아요:)
144,2020.06.18,5점만점에 3점,"가을-겨울 에 쓰기 좋은 듯 합니다
여름이 시작된 지금은 나이트케어로 좋아요"
145,2020.06.14,5점만점에 5점,여름에 바르기도 좋지만 겨울에 바르는게 더 좋을거같아요 ㅎ
146,2020.06.12,5점만점에 5점,"양을 많이 하면 찐득하게 느껴져요
양조절해서 바르면 흡수도 빠르고 좋아요"
147,2020.06.11,5점만점에 5점,딸과 같이 써서  떨어지기전에 재구매했어요. 자극없이 순해서 정말 좋아요.
148,2020.06.10,5점만점에 5점,"만족합니다.
가격도 저렴하고 가성비 좋아요
향도 강하지 않아서 저는 개인적으로 만족합니다."
149,2020.06.09,5점만점에 5점,약간 끈적이는거 같은 느낌이지만 트러블안나고 좋은거같아요
150,2020.06.09,5점만점에 5점,순하고 좋아요 순하고 좋아요 순하고 좋아요 순하고 좋아요
151,2020.06.06,5점만점에 5점,"순하니너무좋아요 순하니너무좋아요
순하니너무좋아요 순하니너무좋아요"
152,2020.05.29,5점만점에 1점,"수분감을 기대했는데 별로네요. 화장할때도 밀려요ㅜㅜ
재구매 절대 안할거에요"
153,2020.05.10,5점만점에 3점,생각보다 촉촉하지 않네요. 용기가 불투명해서 남은 양이 안보여요.
154,2020.05.05,5점만점에 3점,"괜찮은거같아요
엄청난 효과는 모르겟고 쏘쏘해요"
155,2020.05.03,5점만점에 4점,괜찮은 것 같아용 근데 제가 너무 속건조가 심햐서 그런지 생각보다는 쏘쏘 다른거 써보고 돌아올 맘은 있습니당
156,2020.05.02,5점만점에 5점,기존에 토너를 너무 잘써서 앰플도 구매해봤어여!!! 싸게 특가할때 샀는데도 전 정가주고도 사고싶어요!! 다쓰면 재구매의향있어요!!
157,2020.04.28,5점만점에 5점,"더랩 성분이 착하다고 해서 바꿨는데, 자극없이 순해서 좋아요.
바를 때 쫀득함이 느껴져서 수부지 보습관리에 좋은 거 같아요"
158,2020.04.22,5점만점에 5점,항상 시키던거 잘쓰고 있어요~!!!감사합니다!!
159,2020.04.20,5점만점에 5점,"오.... 워낙 유명한 제품이라서 기대를 한가득 안고 사용해봤어여!
역시나.. 수분 짱짱맨!! 너무너무 촉촉해요~"
160,2020.04.19,5점만점에 2점,돈 아까워요ㅠㅜ 사용감이 너무 별로 기초템만쓰고 때 나오는거 처음ㅎㅎ
161,2020.04.17,5점만점에 5점,이벤트 당첨되서 구매했어요. 전에도 사용한적 있었는데 이번에 좋은기회로 또 사용하게 됐네요. 트러블 나지 않고 촉촉하고 좋아요
162,2020.04.17,5점만점에 5점,진짜 조아요! 디렉터파이님 방솔 보고 구입했는데 촉촉하고 피부잘벽도 강화시켜주는 거 같아요! 붉은기가 많이 개선됫어요
163,2020.04.12,5점만점에 5점,토너가 좋아서 앰플도 사봤는데 괜찮은거같아요~~~
164,2020.04.11,5점만점에 5점,주변에서 좋다해서 주문했어요 사용해보고 좋으면 또사려구요
165,2020.04.06,5점만점에 5점,더랩바이블랑두 강추합니다 디렉터파이 추천제품이라서 써봤는데 좋아요
166,2020.04.03,5점만점에 4점,"후기보고 구매했는데 역시 좋네요.
수부지 피부라 유분과 건조가 같이 있는데 속건조가 많이 좋아진 것 같아요"
167,2020.04.03,5점만점에 5점,앰플 정착했습니다~ 성분도 좋고 정말 만족해요
168,2020.10.22,5점만점에 4점,"엄청 건성이라서 그런지 확 수분감이 있지는 않아요. 흡수 잘 되고 밀리지 않아요, 세 통째 쓰는 중인데 더 좋은 제품 있다면 옮겨갈 예정,,"
169,2020.06.30,5점만점에 4점,자극없이 순해서 쓸만해요! 재구매하려고합니다!
170,2020.05.22,5점만점에 4점,"아직 크게 어떻다는 모르겠지만
촉촉한것같아요ㅋㅋ"
171,2020.05.15,5점만점에 5점,정말 좋아요!! 자극없이 순하네요! 꺼리낌없이 사용가능해요
172,2020.05.12,5점만점에 4점,아직 샤용햬보지않았지만 순하고 좋을것같아요ㅎ!
173,2020.05.08,5점만점에 5점,처음써보는건데 촉촉하고 좋은거 같아요 재구매할꺼에요!
174,2020.05.07,5점만점에 4점,쫀쫀쫀쫀 쫀쫀해용  ㅎㅎㅎㅎㅎㅎㅎㅎㅎㅎㅎㅎㅎ헤
175,2020.05.06,5점만점에 4점,"약간의 눈따가움은 있으나 넘 잘지워지네요.
림앤아이로도 손색이 없어요"
176,2020.04.29,5점만점에 5점,촉촉하고 좋습니다 개인적으로 속보습에 더 적합해서 좋아요
177,2020.04.24,5점만점에 4점,반신반의하면서 산제품인데 생각보다 쫀쫀하고 촉촉해서 좋았어요
178,2020.04.20,5점만점에 4점,자극없이 순하고 흡수가 잘되는 느낌이라 좋아요~~~
179,2020.04.18,5점만점에 5점,"행사 통해 좋은가격에 잘 구입했습니다
잘 사용할게요"
180,2020.04.17,5점만점에 5점,디렉터파이님 추천으로 지금 세일할때 많이 쟁여놨어요~~
181,2020.04.16,5점만점에 5점,순하고 자극없어 좋아요~~!! 진정에 좋은거같아툐
182,2020.04.16,5점만점에 5점,"세일해서 싸게 샀어요
제가 속건조가 심한데 속건조에 좋아요♡"
183,2020.04.14,5점만점에 5점,후기가 좋아서 이벤트가격으로 구매했어여 ㅎㅎㅎ
184,2020.04.14,5점만점에 5점,할인해서 저렴하게 샀습니다 양이적어서 금방쓸것같네요
185,2020.04.09,5점만점에 5점,생각보다 엄청 작아여 그래도 세일해서 잘산것같습니다
186,2020.10.22,5점만점에 4점,극건성한테는 부족. 성분 좋고 흡수 좋음. 네 통째 쓰는 중.
187,2020.09.01,5점만점에 5점,자극없고 순해요 수분감이 좋고 밤에 바르고 자면 좋아요
188,2020.07.04,5점만점에 5점,
189,2020.06.27,5점만점에 5점,
190,2020.06.26,5점만점에 5점,
191,2020.06.25,5점만점에 5점,
192,2020.06.23,5점만점에 4점,
193,2020.06.21,5점만점에 3점,
194,2020.06.21,5점만점에 4점,
195,2020.06.20,5점만점에 5점,
196,2020.06.19,5점만점에 5점,
197,2020.06.15,5점만점에 5점,
198,2020.06.15,5점만점에 5점,
199,2020.06.15,5점만점에 5점,
1,2021.01.10,5점만점에 5점,"*피부타입은 민감한 수부지에요!
속건조 잘 잡아주는 에센스로 유명하길래 사봤는데
발림성이 그냥 물 토너 같아요! 그리고 흡수도 빠르고 촵촵 먹인 다음에 피부는 약간 쫀득?하게 되어서 너무너무 좋아요~~
한번으로는 부족해서 두번 정도 먹여주는데 그럼 피부가 수분이
차오르는 느낌이 들어서 너무 좋더라구요! 
먼저 닥터자르트 바이옴에센스로 수분 충전해준 다음에 닥터자르트 세라마이딘 리퀴드 써주면 유수분밸런스가 잘 맞는거 같아서 두개를 같이 쓰게 되더라구요!
일단 이 제품은 4계절 내내 잘 쓸거같아요! 여름에는 단독으로 사용하고 환절기때는 보습제품과 함께 써주면 딱 알맞아서 너무 좋네요!
저는 개인적으로 향은 괜찮았어요! 그냥 발효식품 향?? 못쓸정도의 향이 아니라서 더 좋아요! 오히려 기초제품에 꽃향나고 그러는걸 싫어하기 때문에 개인적으로 더 만족스러웠어요! 이게 바르고 계속 나는게 아니라서 다른제품 바르면 바로 향이 사라져요!!
저는 이제품 재 구매 할거같아요~ 속건조 잘 잡아주는거 같아서 만족해요"
2,2020.09.21,5점만점에 3점,"살까말까 고민하다가 가격 때문에 다시 내려놓기를 반복하고 유투브를 보고 구매결정하고 약 몇달 간 사용해본 리얼리뷰입니다!!! 

처음에 받아보았을 때 주사기 같은 거랑 같이 와서 너무 신기했어요! 그리고 그냥 입구에 대고 쏘기만 하면 되는 거라 어렵지도 않고요! 재밌어요!!ㅋㅌㅋㅋㅋ 

제형은 주르륵 흐르는 제형이에요! 에센스라고 해서 묵직한 제형을 기대했었는데 주르륵 토너? 느낌이 날정도로 엄청 묽은 제형입니다! 처음에는 바르기 힘들었는데(얼굴에 올리자마자 주르륵 흘러서ㅠ) 몇번 하다보면 익숙해져서 괜찮은 거 같아요! 오히려 묽은 제형이라 피부에 흡수도 잘 되는 느낌이 들어서 저는 오히려 만족스러웠던 제형이에요! 또 수분보충에 있어서는 완벽한 에센스가 아니었나 싶네요 ㅎㅎ

그리고 좋았던 점은 바르고 흡수시켜주면 물 제형인데도 피부가 쫜쫜해져요! 그래서 메이크업전에 바르면 파데 정말 잘먹어요! 수분보충도 해주면서 유분기가 또 아예 없는 건 아닌 듯해서 사용감은 너무 만족스러웠어요!

그런데! 단점은,,, 저는 처음에 사용할 때 좀 피부가 따가웠어요ㅠ 제가 좁쌀여드름도 많고 민감성 피부인데 너무 따가워서 깜짝놀랐어요ㅜ 그래도 비싼 돈주고 산 거니까 참고 쓰고있긴한데 코주변 같은데는 여전히 따갑네요ㅠ 그리고 냄새!!ㅜ 이건 닥터자르트에서 개선을 해주었으면 좋겠어요.. 리뷰에서 다들 냄새가 별로다, 심지어는 상한 삶은 감자 냄새가 난다고 하던 분도 있었는데.. 정확해요.. 진짜 삶은 감자 상한냄새가.. 나요ㅜ 유산균이 함유 돼서 그런가 냄새가 구리구리 해요ㅜㅠ 저는 냄새에는 별로 민감한 편이 아닌데도 불구하고 처음에 바를 땐 역하게 느껴졌어요ㅠ  

개인적으로 피부가 따갑게 느껴졌던 것과 냄새 그리고 가격 때문에 저는 재구매를 할 것 같지는 않아요!ㅜ 피부가 저처럼 민감하신 분 그리고 냄새에 민감하신 분들은 꼭! 테스트 해보시고 구매하는 걸 추천해드립니다!"
3,2020.06.20,5점만점에 5점,"건조함은 느끼지만 티존 유분은 뿜뿜하고요
민감해서 좁쌀이 자주 올라오는 피부입니다

물같은 제형의 속보습 채우기 좋은 에센스에요 제형은 가볍고 흡수가 매우 빠른데 반에 보습감은 묵직합니다 그점이 매우 좋았어요 한여름이라 특히 화장 전 기초가 고민이었거든요 건조하다고 무겁에 올리면 화장이 너무 빨리 무너지고 그렇다고 가볍에 올리면 하얗게 뜨고요 스포이드를 클릭하면 딱 챱챱챱 하기 좋은 양이 떨어지는데요 두세번 레이어링 해서 찹찹 해주면 빠르게 흡수되어 속은 촉촉 겉은 가벼운 피부를 만들어줍니다 저처럼 건조한 피부가 아니라면 요즘 같은 날씨에는 이제품 레이어링 해서 속보습 잡고 크림으로 바로 가서 기초 마무리 하셔도 될거같고 저는 세럼이랑 크림을 더해주는데 이제품 추가하고 아침기초 사용량을 많이 줄일수 있었어요 

사실 바이옴에센스가 처음 출시되었을때 대용량 샘플을 받아 사용했었는데요 여러면에서 마음에 들었지만 결정적으로 향?냄세? 때문에 구매로 이어지진 않았거든요 개인 차이가 있겠지만 제가 느끼기엔 오래된 삶은 감자같은 냄세가 났어요ㅠ ㅠ 그 냄세가 꽤 강하게 느껴지기도 했고요 근데 이번에 체험단으로 받은 제품은 그부분이 개선이 된건지 아님 샷을 추가해서 그런건지 분명 같은 향이 느껴지는데 잠깐 스쳐갈뿐 거슬리지 않더라고요 정말 큰 진입장벽이었는데 개선?된점 너무 좋았습니다

피부톤 개선은 일이주 써보고 논할 문제는 아닌거 같고요 피부에 겉도는것 없이 촤악 흡수되는 속보습 에센스 찾으신다면 강추합니다 보이지는 않지만 단순 보습이 아닌 피부에 유익한 균을 제공해서 피부를 더 건강하게 한다니까 든든하기도 하고요"
4,2020.06.19,5점만점에 4점,"☑️완전 워터리한 제형
(평소에 콧물제형 에센스를 좋아해서 아쉬웠고 
사용해 본 제품 중 DMCK 아크앰플과 제형 가장 유사)
퍼스트에센스처럼 사용하는게 나을듯

☑️향은 대놓고 맡으면 불호지만 실제로 얼굴에 발랐을 때
크게 거슬리는 정도는 아니였음

☑️물물한 제형이라서 수분감이 아쉬울 것 같았지만
생각보다 촉촉하고 산뜻하게 마무리되는 편
(단, 건성은 부족하기 때문에 앰플, 크림으로 보충 필수)

☑️미백효과는 일주일만에 효과를 보진 못했음

☑️보통 화이트닝, 브라이트닝 제품은 자극적인 경우가 많은데
이 제품은 정말정말 순해서 자극이 1도 없었음

☑️평소 쓰던 스포이드랑 달라서 어색한 감이 있긴 하지만
케이스에 신경 쓴 티가 많이 났음

전체적으로 순하고 나쁘진 않았지만
가격대비 그렇다 할 효과가 없어서 아쉬웠습니다"
5,2020.06.13,5점만점에 4점,"✔️올영체험단 20기
#닥터자르트 바이옴 에센스

✔️피부타입
복합성 (피지 모공 블랙헤드 고민점)

✔️제품 특징
수분바이옴+프리바이오틱스+3가지 히알루론산
=피부톤 개선/수분/보습
+
바이옴 블루 샷(미백 샷)

다양한 임상 실험 완료!!

☑️전체적인 후기
전체적으로 지 복합성 분들에게 추천드려요!
(중건성 분들에겐 약간 건조하실수도 있어요!)
닥터자르트제품은 진짜 유명하죠? 
그 만큼 비싸기도 하고 효과도 좋고! 직접 써보니 더 좋으네요! 
피부톤 개선에 얼마나 효과가 있을지 기대가 됩니다! 우선 수분 보습에선 만족했어요!!

☑️상세 리뷰

➡️향/제형👍🏻👍🏻👍🏻
향은 코코넛향이 나는데 저는 개인적으로 코코넛 향을 안 좋아해서..ㅎ (약간의 호불호는 있을듯 해요!)
제형은 흐르는 물제형이고 가볍습니다!

➡️수분감👍🏻👍🏻👍🏻👍🏻
수분감은 넘치는데 끈적이지 않아서 저는 좋았어요! 속수분 겉수분 다 채워주는것 같아요!!

❗️단!❗️
중 건성 분들에겐 약간 건조하실수 있습니다

➡️발림/흡수/마무리감(잔여감)👍🏻👍🏻👍🏻👍🏻👍🏻
물처럼 흐르는 제형이라서 빠르게 흡수되고 발림성도 좋아요! 잔여감이 없어서 지 복합성 분들에겐 더 좋은듯 합니다!!

➡️저극/민감👍🏻👍🏻👍🏻👍🏻👍🏻
화해 어플에서 확인 가능 하신데!
알레르기 유발 성분 + 20가지 주의성분 무 첨가!!
그만큼 안전한 성분과 더불어 자극적이지 않은 순한 제품이에요!!


👎🏻아쉬운 점
1.코코넛 향의 제품(호불호 갈림)
2.블루샷 용기 불편"
6,2020.06.24,5점만점에 4점,"처음 개봉할때 주사기 뭐지 .. 당황 ㅋ
에센스랑 엠플 기획이라 따로 나온거였구여
뭔가 수분 전문 화장품 느낌 파박 들었어요

제형은 수분감 있는 살짝 콧물제형인데
무겁진 않아요
흡수도 몇번 톡톡 하면 바로 흡수됩니다

성분 너무 착해요
전 애들이 아직 어려서 
항상 화장품 성분부터 확인하거든요
성분부분에서도 합격

냉장고에 넣었다 바르면 
피부를 타이트하게 잡아주는거 같고
낮에 열로 지친 피부에 휴식을 주는거 같아 좋구
화장솜에 촉촉하게 해서 붙여주면 수분팩 효과도 있어요

기미가 좀 있는데 미백은 확실히는 아직 못느꼈어요
피부톤이 약간 밝아지는 느낌은 있습니다"
7,2020.06.24,5점만점에 5점,제형이 무겁지도 않고 그렇다고 완전 묽지도 않아서 사계절 내내 바르기 좋아요 수분감이 좋아요 그런데 앰플같이 쫀득쫀득한 느낌은 아니라서 참고하세요 저는 개인적으로 너무 쫀득하면 먼지도 달라붙고 되려 자극이 느껴지는 피부라 제 피부엔 적당한 농도였어서 좋았어요 주사기 앞부분을 똑 따서 제품에 넣어준 후 흔들어서 사용하시면 되요 스포이드가 펌프식(버튼을 한번 누르기만 하면 액이 올라옴) 이어서 액을 일정한 양으로 빨아올려줘요 가끔 스포이드 사용 원리때문에 때론 액이 적게 또는 잘 안올라와서 불편할 때가 있는데 이 점을 잘 보완해줬네요 향이 안좋다는 평이 많은데 사실 좋은 향은 아니고 제가 느끼기엔 우유비린내 같았어요 그렇다고 향료가 첨가된게 좋은게 아니라서 저는 향을 크게 비중두지 않는 타입이라 괜찮았어요 올 여름 이 제품으로 잘 버틸 것 같아요 :)
8,2020.06.22,5점만점에 5점,"🌀수분 고농축이 가볍게 내 피부에 싸악~!🌀
일주일동안 닦토을 한 뒤에 이마, 양쪽볼에 한방울씩 흘려서 사용해 보았어요! 
처음에는 세럼인데 그냥 물처럼 흘러내리길래 당황했지만, 
피부에 얹는 순간 오! 했던 제품입니다. 
발라서 흡수 시켜주니 코르셋처럼 내 피부를 쏴악하고 
수분성분 하나하나가 채워주는 기분이에요!! 
그렇다고 마무리 감이 리치하지도 않고, 바른 후 끈적이지도 않아 너무 만족했습니다👍🏻👍🏻

✔️용기 (⭐️⭐️⭐️) :  처음에 어떻게 여는지 몰라 해맷어요....    위에가 스포이드 형식이라 누르면 되는줄 알았는데 그냥 일반적으로 여는 방식이였습니다.

✔️향기(⭐️⭐️) : 이 제품의 단점을 찾자면 저는 개인적으로 냄새네요...완전 못쓸 향기는 아니지만 호불호가 있는 향기인거 같습니다. 약간 곡물의 꿉꿉한 향?이 나요...바이옴 라인 전체가 그런거같아요ㅠㅠ 

✔️제형(⭐️⭐️⭐️⭐️⭐️) : 개인적으로 끈적 끈적하게 피부에 계속 남아있는걸 별로 선호 하지않는데, 이 제품은 물처럼 싸악 스며드는 제품이라 바른 후에도 끈적이지않고, 다음 제품을 사용하기에 아주 좋았습니다. 

✔️추천피부(건성/복합성/지성) 모든 분이 사용가능한 제품이에요. 물론 극건성이신 분들은 싹 스며드는 쫀쫀한 마무리감에 건조하다고 느끼실 수 있지만, 속안을 수분으로 채워주는 제품이라 여름에 사용하기에는 더할 나위 없을거같아요😊

🌀🌀🌀🌀🌀이상 올영체험단 후기였습니다."
9,2020.06.21,5점만점에 5점,"전 수부지로 주름이 생겨 고생중인 피부입니다!

제형&발림성⭐️⭐️⭐️⭐️⭐️
흐르는 워터제형이에요! 그래서 흘러내리기전에 얼굴에서 빠르게 챱챱 해줘야해요 개인적으로 발림성도 좋고 흡수도 빨라서 화장이 안말림!!

수분감&유분감⭐️⭐️⭐️⭐️
전 개인적으로 유분감이 조금 있으면 좋겠는데 파워 지성이신분들이 좋아하실것같아요! 유분감 거의 없다 보시면 될 것 같아용!
수분감은 적당해요 위에 수분크림 한번 더 바르긴 하지만 두번 레이어링 하고 있는데 진정효과도 어느정도 있는것 같고 !
유분감이 너무 없어서 별하나 뺏어용 

 향⭐️⭐️⭐️⭐️⭐️
발효성분때문에 발효향이 난다고 하는데 전 목욕탕 가면 우유로 맛사지할때 나는 그 우유비릿한 (?)향 나서 너무 좋던데!!!
이거 향 왜 싫어하는지 전 이해못하겠슴ㅋㅋㅋㅋ바를때마다 뭔가 맛사지 하는 느낌나서 너무 좋음ㅋㅋㅋㅋㅋㅋ별백개 ㅋㅋㅋㅋ

미백효과⭐️⭐️⭐️⭐️
같이 들어있는 앰플이 미백에 좋은 성분이라고 하더라구요! 스킨을 갈릭토미세스 성분이 있는걸 사용중이긴 하지만 정말 많이 밝아졌어요 !!!! (최근 장벽이 무너져서 최악인 상태였어서 더 느끼는 것일 수도..)

진정&장벽강화⭐️⭐️⭐️⭐️⭐️
최근까지 제 피부가 건성인줄 알고 제품 잘 못 쓰다가 얼굴에 트러블 폭탄 맞았다가 화장품 다이어트 하면서 진정시키는 와중에 당첨되서 써보는중인데 1주일만에 피부가 많이 진정되고 결도 좋아지는 중입니다!"
10,2020.06.14,5점만점에 5점,"닥터자르트 에센스 꼭 한번 써보고 싶었는데 이렇게 올영체험단으로 사용해볼 수 있어서 너무 기뻐요🙇🏼‍♀️🥳

이 에센스는 233억 마리의 바이옴이 함유된 고농축 에센스에요!!!
에센스안에 앰플을 넣어서 흔들어서 사용하시면 되시구용
뭔가 요즘같은 여름 날씨에 사용하기 좋은 에센스같아요
마스크도 써야해서 많이 바르고 찐득거리면 진짜 찝찝한데
이 에센스는 물같이 흐르는 제형이라서 그냥 스킨처럼 촵촵 발라주면 되서 편하더라구요!!
전 아무리 좋은 에센스도 마무리감이 찐득거리는걸 선호하지
않는데 닥터자르트 에센스는 마무리감이 산틋하고 향도 자극적이지 않고 진짜 맘에 들었어요ㅠㅠㅠ 
사용해보고 싶었는데 저한텐 좀 가격대가 부담이여서 써보질 못했었어요ㅠㅠ 가격이 조금만 더 저렴하다면 전 진짜 이거 계속 쓰고싶어요😵 너무 조아용💛"
11,2020.06.13,5점만점에 5점,"기존 바이옴 에센스도 쓰고있다가 마침 체험단 있길래 비교차 바로 신청했어요!
기존것도 이미 잘쓰고있었습니다.
건성인 저에게는 4계절 어느때나 좋았어요. 요제품은 굉장히 물물해서 스킨단계에 쓰고 그담에 에센스랑 크림으로 마무리했어요. 바를때 미끈한 느낌이 있고 건성이라 그런지 싹바로 흡수되네요. 근데 완전히 다바르고나면 약간은 끈끈? 저는 쫀쫀한 느낌이라고 생각해서 좋아하는데 그런느낌 싫어하시는 분들은 좀 그럴수도? 그래도 이거하나만 바를게 아니고 크림으로 덮으면 부드럽게 되니까 좋아요

기존것과 달라진점은 샷이 바뀌었다는겁니다.
안약통같은것에서 주사형태로 바뀌었고 뭔가 더 좋은 성분과 더 많은 효능이 있다는점, 블루샷은 미백, 옐로우샷은 탄력? 으로 세분화됐다는건데 둘다 발라보고 비교했을땐 큰차이를 못느꼈어요.

향도 코코넛워터 향 그대로고 감촉도 그렇네요.
뭔가 더 오래써보고 효과를 기대해봐야겠지만, 양도 3배이상이고 가격면에서도 기존것을 써도 무방할거라고 생각합니다.

용기가 뚜껑을 열면 자동으로 쭉 빨아들여져서 한스포이드쓰기에는 굉장히 용이했어요. 한펌핑 더하기위해서 굳이 다시 닫았다 열필요없이 꾹 누르면 똑같이 올라오니까 그건 좋네요.

앞으로 잘사용할게요~"
12,2020.06.13,5점만점에 4점,"써보고 싶었던 제품 !!

생각보다 수분감이 엄청 난 제품은 아닙니다.
그래서,
여름에 바르기 좋다고 느낀게, 바르고 흡수가 빠르고
겉에 머물러 있지 않아요.

그래서 지성 건성도 잘 바를수 있는 제품입니다.
이런 에센스류들은 끈적한 경우가 많자나요.

가격 부분에서 조금 아쉬운게
마음만 먹으면 2-3주 안에 다 쓸 용량이에요😢
자주 할인 해주면 좋을거 같아요 😆🥰

같은 라인으로, 다른 기초도 궁금해집니다.

저 같은 경우엔,
이 제품을 바르고 수분 마스크팩 해주니까
더 좋았어요 !!💙

붉은 부분도 많이 진정되고요 자극적이지 않습니다."
13,2020.06.13,5점만점에 3점,"올영체험단을  통해 처음 닥터자르트 제품을 사용해 보았는데요!
패키지나 용기부터 완전 수분감 터질꺼 같은 느낌스~

블루샷을 용기에 추가하고 잘 믹스해서 사용하면 되요
에센스이지만 굉장히 묽은 스킨같은 제형이에요
수분감이 많이 부족한 피부라면 두번정도 충분히 레이어링
하는 걸 추천드려요!

제형은 엄청 묽은데 마무리감은 좀 끈적거렷어요 ㅠ
흡수력도 엄청 좋은건 아닌거 같구 향도 별로에용 ㅠㅠㅠ

제품의 효과는 음,,미백효과? 잘 모르겠고 그냥 좀
수분 충전 느낌정도? 아직 많이 안써봐서 즉각적인 효과는 
못 봤지만 그래도 나쁘지 않아요,,

가격만 좀 저렴해도 다양한 라인들을 써볼텐데 ㅠ
그래도 닥터자르트 워낙 기초라인 훌륭해서 믿고
쓰기 좋은 브랜드 같아요"
14,2020.06.13,5점만점에 5점,"평소 닥터자르트 제품은 제 피부에도 잘 맞아서
바이옴에센스도 써보고 싶었는데 체험단 있어서 너무 좋았어요!
먼저 용기를 열어 블루샷을 추가해주고 흔들어서 사용하면 
되더라구요! 
제형이 완전히 투명하고 흐르는 제형이라 
손등에 살짝 덜어봤을때도 흘리기 쉬워서 
빨리 사용해야할 것 같아요.
피부에 발랐을 때 엄청 빨리 스며들고
흡수된뒤 아주 촉촉했어요!
블루샷이 톤업 효과가 있다고 했는데
사실 한번 써봐서 톤업은 아직 잘 모르겠어요.
꾸준히 써서 톤업 효과까지 생겼으면 좋겠어요!
뚜껑 돌려서 열면 버튼 뿅 누르는 모양으로 생겨서
귀여운 것 같아요.
피부에 자극없고 잘 맞아서 다 써보고
계속 구입할 생각입니다!"
15,2020.06.13,5점만점에 5점,"올리브영 매장에서 바이옴 에센스 신제품을 봤을 때
살면서 저거 한 번은 써봐야지 라고 생각했습니다.
닥터자르트는 제품이 좋던말던 써보고 싶다는 생각이 먼저 들고, 좋을 것 같다는 생각도 듭니다. 마케팅을 기가 막히고
코가 막히게 해서 그런가 봅니다. 

그래서 체험단 신청 목록 보다 바이옴 에센스 보자마자
거침없이 신청했습니다. 40초정도만에 끝나더라구요.
닥터자르트 인기 하늘을 찌르는듯  쿄쿗.
기분이 너무 좋았는데 엄마도 엄청 좋아하셨습니다.
엄마가 닥터자르트 좋아하세요^^ 이미 바이옴 에센스 토너,
바이옴 수분크림 단지에 든거 가져다 드렸었어요.

포장을 뜯을 때의 느낌이란 ㅠ 흑
주사기 짜서 쏙 넣고 흔들흔들 한 후, 아껴쓰려고 조금씩
짜서 발라봤습니다. 깔끔하게 스며들었습니다.
제가 악건성이거든요. 그래서 저에겐 가벼웠습니다.
질감이 부들부들한게 얼굴에 바르면 느낌이 너무 좋습니다.
저얼대 닥터자르트를 좋아해서 그렇게 느낀것도 있겠지만
정말 바를 때 질감이 좋았습니다.ㅋ

아쉬운 점은 가격이요!!!!
시카 라인 가격도 작 년에 다 올리던데 바이옴 라인은
아예 비싸게 출시하나 봅니다. 사실 가격대비 그렇게
크게 좋은지는 모르겠습니다만, 닥터자르트 라는 브랜드 
보고 사는거죠 뭐. 

암튼 바이옴 에센스 써보게 되는 멋진 경험을 하게 되어서
기분이 좋습니다. 잘써보고 바이옴 토너랑 크림도 자주
이용할께요!ㅋ 제가 쓴 리뷰 중 제일 긴 리뷰입니다.ㅋ"
16,2020.06.12,5점만점에 5점,"일단 저는 닥토에 집착하다 접촉성 피부염이 생긴,, 피부 장벽이 무너질대로 무너진 그런 피부입니다!

수분 보습을 잘 해주면 장벽이 돌아올 것으로 믿고 꼼꼼히 발라주고 있어요!!

저는 세안 후 토너 대신 퍼스트 에센스 개념으로 사용해주고 있어요. 2번 정도 레이어드 합니다.

수분 보습력이 짱짱해서 너무 많이 레이어드 하면 오히려 과할 수도 있으니 발라보며 조정이 필요한 거 같아요.

제형은 살~짝 점도 있는 약간 묽은 타입의 에센스에요.

사실 향은 코코넛워터 같은 ? 무엇인지 모를 향이 살짝 나는데 닥터자르트만의 화장품을 배합하며 생긴 향이라는데 바르다보면은 적응은 되지만 무튼 약간의 향은 납니다!

가격은 사실 비싼 거 같지만 양을 많이 쓰는 타입이 아니기에 그런 거 다 따지면 비싼 느낌은 아닌 거 같아요!

주사기 타입의 앰플과 같이 있어 본통과 섞어 바르면 된답니다! ㅎㅎ 재밌고 위생적인 사용 방법이라 좋았어요"
17,2020.06.12,5점만점에 5점,닥터자르트 신상품 세럼이 출시되어 믿고 사용해보았습니다 우선 외관으로는 촉촉함을 주는 파란색케이스로 구성품에 세럼 외 앰플이 있습니다 별도 사용해도 되지만 세럼에 넣어 흔들어 사용해주면 효과가 더 좋다하여 저는 다 넣었어요! 스포이드 형태인데 푸쉬할 수있도록 살짝돌리면 뚜껑이 올라가요! 사용하실려면 흰색 부분 전체를 돌려주셔야합니다 사용감은 굉장히 가벼웠어요 그렇다고 당기는 가벼움이 아니라 여름에 사용하기 딱 좋을 정도로 번들거림 없는 잘 스며드는 그런 가벼움 입니다. 저처럼 수분부족형지성분들이 사용하면 좋을 것 같아요 스킨과크림만사용하기 부족하다생각하실 때 이 세럼 한 번 사용해보세요!
18,2020.06.04,5점만점에 5점,"전 수부지 인데 요즘 완전 여름날씨라 
매장에서 테스트하고 구매했어요 
피부가 속은 건조하고 겉은 기름이 돌기때문에 
더울때 화장품 잘못 사용하면 
뽀드락지랑 여드름 폭탄을 맞네요 
매장가서 테스트 하니 완전 물같더라구요 
엥~이게 뭐지 보습성분이 있긴한가? 
의문이 들더라구요 
흔들어준후 두번 누르고 얼굴에 촵촵 두드려주고 
손으로 지긋이 눌러주었어요 
흡수는 바르고 바로 되더라구요 
저는 끈적임없고 발랐지만 안바른듯한 느낌이 좋았어요 
유분기나 끈적이는건 여름에 트러블을 유발할수 있어서~
하지만 건성이신 분들은 별로 안좋아할실것 같네요 
얼굴도 당긴다 느끼실것 같구요 
수분크림도 얼마전에 사서 사용하고 있거든요 
그래서 이것도 구매하게 되었어요 
수분크림 좋더라구요
그래서 이것도 좋겠지 하면서 샀지만
세일가 아님 안살것 같긴해요 
용량에 비해서 가격이 세일쿠폰가 인데도 비싸서 
수분라인 써보고 싶어서 
이 라인 토너 로션 에센스 크림까지 구매했어요 
토너로션은 다른 곳에서 구매했지만
저는 맘에 듭니다 
건성이신 분들은 꼭 매장 테스트 권해드립니다.."
19,2020.09.17,5점만점에 5점,"아토피 피부여서 화장품 아무거나 못쓰는 피부입니다. 게다가 요새 마스크를 계속 쓰고다니느라 피부에 작은 뾰루지들이 많이 났었어요 피부과가서 치료 받아야하나 고민하다가 쓰던 화장품을 먼저 바꿔보자 생각되어 닥터자르트 제품으로 바꾸게되었습니다 
입소문이 많이 난 이유를 알겠더라구요 촉촉하고 순하고 좋아요 덕분에 피부도 훨씬 좋아졌어요"
20,2020.09.13,5점만점에 5점,"제가 이때까지 정착해서 사용한 기초화장품이 없었거든요? 근데 요제품은 제가 마스크쓰고 피부난리나서 다 뒤집어졌는데도 진정시켜주고 그리고 무엇보다도 미백이 완전 짱이었어요... 요제품 민감+지성+트러블이신분들 꼭 사용해보셨음 좋겠어요!!
그리고 미백제품에 이게 짱이다라그요!!!
저 요제품쓰고 피부좋아졌다소리 많이들었고 
얼굴에만 바르다보니 너 목이랑 얼굴색 다른데 얼굴에 썬크림 발랐어? 라는말을 넘 많이들어서 요샌 목에도 발라효  목도 많이 하얘졌다죻ㅎㄹ"
21,2020.06.28,5점만점에 5점,"닥터자르트 바이옴 제품이 너무 써보고싶었는데 이게 첫제품이었어요. 
처음에 블루샷을 넣어 쓰는 과정이 재밌네요ㅎㅎㅎ 
제형이 꾸덕함없이 물처럼 굉장히 묽어서 주르륵 흘러요. 
뚜껑때문에 불편하다는분도 계시던데 저는 그렇게 불편하진않았어요. 저는 뚜껑덕분에 바로바로 스포이드가 채워져서 편하게 느껴져요. 크게 힘이 들어가는 부분도 아니라서 괜찮았어요.
세안 후 닦토 다음 과정에 사용하고있고, 촉촉한데 끈적임이 없어서 여름에 쓰기 산뜻해서 딱이예요. 잔여감없고 순해서 하루 두번 사용하기에도 좋아요. 
생소한 향이 나는데, 그래도 크게 거슬리진않아요. 
바이옴앰플성분이 피부톤을 투명하고 밝게 해준다고해서 앞으로도 계속 써보고싶어요~!"
22,2020.06.16,5점만점에 5점,"정말 사용해보고 싶던 제품인데 이렇게 사용해볼 수 있어서 넘 좋아요❤️

그냥 수분 바이옴 에센스만 단독으로 사용해도 수분감이 짱짱하고
좋았는데 블루샷을 넣으니까 훨씬 더 피부에 잘먹는 느낌이더라구요?!!

속부터 수분을 채워주어서 그런지 속건조 없이 보습감 짱짱하구요
생각보다 묽은 제형임에도 바른직후 건조해지지 않아서 놀랬어요!

그리고 발효성분때문에 고유의 향이 난다고 했는데 정말로 약간 꼬소한
향이 나요~ 화장품에서는 맡기 힘든 향이긴 해요 ㅋㅋㅋㅋㄱㅋ ㅋㅋ

그래도 일주일 동안 발랐는데도 피부가 좋아지는게 보여서 계속 사용하고 싶은 에센스 입니당💙💙💙"
23,2021.02.23,5점만점에 5점,양이 너무 적은거만 빼면 좋은 제품. 이건 그 꼬릿한 향이 나는 애랑은 다른애임 얜 냄새 안남. 나는 그게 이건 줄 알고 샀다가 이번에 꼬릿이 사고 나서 아 얘는 아니구나 라는걸 알았음 근데 얘도 진짜 좋고 스포이드 타입이라 좋은 것도 있는데 난 그 꼬릿한 향 나는게 더 좋음
24,2021.01.28,5점만점에 5점,"수분 부족 지성 님들께 추천합니다~!
수분 부족하면 이마에 개기름 올라오고 볼은 땡겨서 죽을맛을 보는데 요건 이마 기름도 안지고 볼도 안땡기네요
대신 스포이드 한번짜서 이마 바르고 또 짜서 왼쪽볼, 또짜서 오른쪽 볼 이렇게 두번씩 발라요.
그렇게 바르니 양은 적게 느껴지네요 ㅎ"
25,2021.01.14,5점만점에 5점,"엠플중에 펌핑해서 적정량쓰는거 너무 좋아하는데 
리리코스 엠플쓰다가 마침 다 써서
주문했는데 
악건성피부인데 촉촉하게 흡수되네요"
26,2020.12.02,5점만점에 3점,흠... 평소 닥터자르트 제품을 좋아해서 구매했는데 건성인 저한테는 아쉬웠습니다. 일단 저한테는 보습이 부족하고 가끔 사용하고 가려웠어요ㅜ 저는 시카라인이 더 잘 맞는것같아요. 끈적임없는 완전 물제형입니딘.
27,2020.06.27,5점만점에 5점,"워터타입의 에센스이며 끈적임이없고 바르면 빠르게 흡수되어 좋습니다.
여러번 덧발라 발라도 끈적임 없이 빠르게 흡수되고 건조한 제피부에 수분감과 보습력을 한층 높여주는 제품입니다. 세안후 닦토후 이 에센스를 여러번 덧발라 주면 수분감이 확 차올라서 좋습니다. 다만 한가지 아쉬운점이 있다면 스포이드가 불편합니다. 그점 빼고는 다 좋습니다."
28,2020.06.24,5점만점에 4점,"일단 제형이 물 같구 바르면 굉장히 촉촉해서 좋아요 샷 없이 한 일주일 정도 발라봤었는데 (처음 써보니 궁금해서,,,) 그냥 그 자체로 촉촉해지는 것 같았어요 그리고 뚜껑 열면 알아서 충전이 되서 좋아요(?) 살짝 귀찮은 사람들에게 이런 점이 정말 좋은 것 같아요 다만 딱 한가지 아쉬운 점이 있다면 그 향이,,, 제가 향에 조금 예민해서 향이 조금 이상해서 항상 바를 때 이상한 향이 난다는 것 빼곤 좋은 것 같아요"
29,2020.06.21,5점만점에 5점,"일반 에센스와 달리 이 제품은 커다란 에센스에 수분 에센스를 섞어서 사용하는 제품이에요! 두 제품을 섞고 흔들어주면 기포가 생성됩니다!

제형은 토너보다는 묽지만 그렇다고 너무 묵직하지도 않는 제형이에요!
발랐을때 수분감이 많이 느껴서 여러번 덧발라 주면 좋을 것 같아요! 유분기가 많은 제품도 아니여서 여름에 사용하기 좋은 제품입니다!!

참고로 날이 많이 더우니 화장솜에 적셔 팩으로 사용해도 좋았어요!"
30,2020.06.19,5점만점에 4점,"에센스가 필요했었는데 마침 닥터자르트 에센스가 올영체험단 
제품에 있어서 얼른 신청하였어요!!
평소에도 닥터자르트 에센스를 자주 사용했어서 기대가 정말 컸던 제품입니당
우선 주사기 모양 앰플을 넣어서 사용하는데 신기하고 더 효과가 클것같은 느낌이였어요 ^
제품은 딱 물같은 느낌이였어요 끈적하거나 되직한 느낌은 전혀 없었고 맑은 토너 같아요!!향은 신기하게도 저한테만 그럴수도 있는데  코코넛 향이 좀 나더라고요! 
전체적인 제품 사용후기는 만족 스러워요^^"
31,2020.06.14,5점만점에 5점,"촉촉하면서 순한 수분케어 닥터자르트 바이옴 에센스~!
블루샷 앰플을 톡 따서 에센스에 넣어서 더 효과가 배로 좋아지는
거같아요! 블루샷은 피부가 밝아지는 브라이트닝 효과가 있다고 해서 잡티고민이 있는 저에게 딱인거 같아요!
발랐을때 슥 스며드는 제형이고 향은 거의 없습니다😀😀
바이옴 10억마리가 들어있다고 하니 피부에 얼마나 좋은 영향을 끼칠지 기대되요! 사용감은 촉촉하면서 산뜻한 제일 좋아하는 제형이고, 건성피부나 모든피부에 좋을거 같아요! 모양도 넘 이쁘고 취향저격입니다😊"
32,2020.06.14,5점만점에 5점,"우선 저는 지복합성 피부타입으로 하루종일 번들거리는 유분이 많은 피부에요. 또 약간의 홍조가 있으며 색소침착으로 피부톤이 균일하지 못합니다.
✨
에센스의 제형은 거의 물같아요. 발림성도 그냥 물 토너 바르는 느낌이라 너무 가볍다는 생각이 들었는데요 피부에 쏙 흡수되서 번들거리지 않고 따로 자극이 있거나 하지 않아요

이걸 바르고 자면 다음날 피부톤이 확실히 맑아져있었어요
며칠 사용하지않았음에도 피부에 수분이 차니까 맑아진 느낌이 들더라구요 이건 진짜 계속 재구매해서 쓸 생각이에요,, 간만에 인생템 찾은 느낌🙌🏻"
33,2020.06.13,5점만점에 5점,"- 너무 물타입 에센스라서 처음 썼을때는 건조해서 4번 정도 레이어링 하니까 그제서야 덜 건조하더라구요 그래서 별로인가 싶었는데 다음날 쓰려니까 굳이 4번까지 레이어링 하지 않아도 덜 건조하다는 느낌이 들더라구요 쓰면 쓸수록 레이어링 해야되는 횟수가 줄어든다는느낌이 확실히 들고 피부 속안으로 튼튼해지는 느낌이 듭니다  

- 차갑게 쓸때는 못느꼈는데 상온에 두고 쓰니까 특이한 향이나요 마치 분유??같은 그런 향이 납니다  저한테는 별루 좋은향은 아니예요"
34,2020.06.13,5점만점에 4점,일단 파란색 용기가 뭔가 피부에 좋을거같은 시각적 효과가 있는거같아요 ㅋㅋ 햇빛 뜨거워진 요즘 날씨에 피부 한껏 예민해지고 그럴 때 진정시켜주는 용도로 최고에요. 그냥 물처럼 줄줄 흐르는 제형인 줄 알았는데 막상 바르고나면 바로바로 흡수도 잘되면서도 약간 쫀쫀한 마무리감이 꽤 보습감이 느껴져요. 여름이기는 하지만 너무 금방 흡수되고 물같으면 바르나마나 한 기분이거든요. 근데 이거는 수분크림 바르기전에 피부를 한번 쫙 진정시켜주고 수분크림이 더 잘 먹게 도와주는 거 같아요.
35,2020.06.13,5점만점에 5점,"물처럼 흐르는 제형의 에센스네요 ㅎㅎ
흡수가 빠르게 되고 바르고 난 후에 끈적임 없이 산뜻한 타입이에요
여름에 사용하기 딱이에요 

우유나 두유? 냄새같은 향이 미세하게 나고 인위적인 화장품 냄새는 나지 않아서 저는 좋았어요
 그런데 향에 민감한 사람들은 싫어할지도 모르겠어요 ㅎㅎ 

여러겹 두드리며 발라주니 촉촉하고 피부가 건강해지는 느낌이였어요
꾸준히 사용하고 나서 민감한 제 피부가 진정되면 좋겠어요!"
36,2020.06.12,5점만점에 4점,"올영체험단이라는 좋은 기회로 닥터자르트 바이옴 에센스+블루샷 앰플 세트를 써보게 됐어요. 평소 닥터자르트 펩타이딘 블루세럼 즐겨 사용하는데요 그 제품에서 수분,미백 각2배씩 업그레이드 된 제품이라 보면 될것 같아요. 기능면에서 워낙 빵빵하다보니 가격대는 좀 있지만 세일기간을 이용한다면 재구매할 의사 있어요."
37,2020.06.12,5점만점에 5점,"요즘 트렌드인 바이옴화장품에 관심있던차에 체험단신청을 하게됬어요:)

☆좋은점☆
기존의 발효 화장품의 경우에 민감성피부인 저는
피부에 맞지않아서 뒤집어진적 많았는데
바이옴에센스는 잘 맞았어요!

지성 피부기준으로 1~2번 레이어링 만으로도
보습이 느껴지고,여름 스킨케어다이어트로 좋아요

♡아쉬운점♡

향이겠죠^^; 처음 바이옴토너 나왔을때도 향이 좀..
그랬는데 비슷한 향이 납니다.

그리고 가격~뛰어난 기술력임에는 확실한데
사회 초년생이 쓰기에는 가격이 쎈듯!"
38,2020.06.12,5점만점에 5점,"올영체험단 리뷰에요!

써보고 싶었던 제품 받을수있게돼서 넘 좋네요 ㅎㅎ

제형은 묽은데 피부에 흡수되고 나서 피부가 쫀쫀해져요!!

겉과 속 모두 촉촉해져요 넘좋아요 ㅠㅠㅠ!!!

바르고나서 화장도 훨훨 잘먹어요!!!!

이제야 써보다니 ㅠㅠㅠ노란색도 써보고싶어져요!!!!!"
39,2020.06.12,5점만점에 5점,체험 신청하기 전부터 사서 쟁여둔 제품이에요^^가볍고 너무너무 촉촉해서 쟁일수밖에 없는~~~ㅎㅎ원래 올영 중독 .세트중독 이지만 이라인은 나에겐 단연 최고인듯 합니다.유산균 향이 첨엔 신경쓰이더니 몇일쓰면 향까지도 너무 순해서 좋아요~담날도 깔끔하게 촉촉해요 ~완전 제스타일!!!단 전 전라인을 모두 사용하기때문에 사용감이 다르게 느껴질수도 있어요.
40,2021.02.11,5점만점에 4점,"수부지 에센스 찾다가 매장 직원분 추천으로 사게 되었어요. 많은 분들이 후기에서 언급했듯이 냄새가 좀 이상하긴 해요 처음에만 이상했지 나중엔 적응해서 별 생각 안들어요. 스킨 다음에 이 에센스 바르는데 촉촉하고 좋아요. 수분 채워주려고 샀는데 아직까지 수분에 좋은지는 잘 모르겠어영 그냥 무난하게 쓰기 좋은 거 같아요. 평소에도 닥터자르트거 자주 쓰는데 좋아서 쓰기 보다는 무난해서 (?) 쓰는 느낌인데 이 에센스 또한 그런 느낌이에요 !  수부지 분들이 무난하게 쓰기 좋은거같아용 흡수도 잘 되고 그냥 딱 무난한 에센스에요.. 
다만 가격에 비해 양이 좀 작은 거 같다는 느낌? 이거보다 더 좋은 에센스 찾으면 그걸로 갈아탈 거 같아요 재구매의사는 반반인거 같아요"
41,2021.01.23,5점만점에 5점,닥터자르트 기초 제품 처음 써보는데 생각보다 너무 좋아요 수부지인데 속건조 촉촉하게 잘 잡아주고 흡수도 잘돼서 좋아요 근데 향이 좀ㅠㅠ 뭐랄까 발효한 냄새가 나서 바를때마다 조금 힘겹긴한데 제품이 좋아서 계속 쓸 것 같아요!
42,2020.09.18,5점만점에 5점,"푸석푸석 건조한 피부컨디션일때 자기전에 발라주고 있어요 자고 일어나면 촉촉한피부상태로 변해요 대신
3번 덧발라주고 있어요"
43,2020.07.23,5점만점에 5점,"워낙닥터자르트 바이옴에센스가 좋다는말을많이들어서
한번사용해보고싶어서구매했어요:)
블루샷앰플이 같이들어있어서 더좋겠구나 싶었거든요^^
매장에서구매할때 직원분이 블루샷앰플을 본품에넣을때
흘릴수도있으니조심해달란 주의를받고 집에와서 조심스레
주사기처럼생긴모양 앞에를 똑!떼니 뜯어져서 본품에쭉~짜고 뿌듯해했네요ㅎㅎ
사용감은 거의물같은데 얼굴에펴바르는순간 예상치못한 보습감이 장난아니였어요 가벼울줄알았는데 전혀..ㅎ
바를때부터느낄수있답니당
담날일어나면 피부가 번들번들 좋아보이는피부가되네요~
민감성이라 아무거나사용못하는데 이건너무너무좋아요♡
계속구매해야되겠어영"
44,2020.07.20,5점만점에 3점,"올영직원에게 추천받아서 세일할때 구매했어요
솔직히 30대중반인 저에게는
닥터자르트 사용해본제품들중 최악입니다
브라이트닝이라고하는데 브라이트닝 기능전혀없어요"
45,2020.06.27,5점만점에 5점,바이옴에센스에 블루샷을 넣어서 사용하는 신기한 제형이네요 에센스이지만 흐르는 스킨제형이라 여름에 바르기 좋네요 스포이드 용기라서 얼굴에 바로 떨어뜨리면 되서 위생적이예요 흡수가 빠르지만 수분감은 오래 유지되어서 여름에 이 제품 하나만 바르고 선크림발라주니 딱 좋네요
46,2020.06.22,5점만점에 5점,"U존이 건성이라 늘 기초제품 바르고 나면 항상 건조함이 느껴졌는데 바이옴 에센스를 써보니 마스크팩 하고 떼어낸거처럼 촉촉했어요!! 

여러번 토너 바를 필요없이 에센스 바르고 로션 발라주니 좋았어요! 다만 완전 수분감? 만 있다보니 유수분 밸런스 잘 조정해서 유분있는 크림만 살짝 발라서 마무리해줬어요😊"
47,2020.06.18,5점만점에 5점,믿고 쓰는 닥터자릍!!! 무슨 앰플일까 궁금했는데 주사기를 병에 쓔욱 하고 넣고 흔들어서 발랐더니?!ㅋㅋㅋ냄새가...ㅋㅋㅋㅋ좀...꺼려지는데 좋다니 참고 바름!! 촉촉하고 샥 스며드는 느낌? 텍스쳐는 내 스타일ㅋㅋ 계속 발라보고 효과 좀 봐야겠네요!!
48,2020.06.16,5점만점에 5점,"-4일써본 후기입니다-
에센스 자체가 순합니다.
예민하고 건성피부인 저한테두 잘맞맞더라구요~~
제품설명처럼 에센스를 화장솜에 적혀 칙칙한부분에 올려두었었는데 진쨔 화해진? 느낌이 들더라구요! 
매우 만족합니다 !! 함써보세요~~강츄"
49,2020.06.15,5점만점에 5점,닥터자르트 역시 굿굿이에요ㅎㅎㅎ 스포이드? 뭔가 신기하게 되어 있어요ㅎㅎ 돌리면 누르는게 위로 올라와서 신기하고 좋네요 ㅎㅅㅎ 제품력은 말해뭐해요👍🏻좋습니당 가격이 조금 비싼듯 하지만 제품력이 정말 좋아서 다쓰면 다시 구매해서 사용할 예정입니다!! 리뷰들보면 향이 조금 별로라는 평도 있긴한데 저는 거의 무향에 가깝다고 느꼈습니다! 또한 처음 발랐을때는 매우 빠르게 흡수되고 약간 가벼워서 보습이 될까 했는데 토너로 결 정리 후 이 제품만 발라줘도 자극 일도없고 건조함 일도없이 좋습니당!!  민감성피부와 보습이 필요하신분들께 완전  짱짱 추천합니다!🙌🏻🤟🏻
50,2020.06.15,5점만점에 5점,원래 바이옴라인 아이크림이랑 워터크림 몇통째 쓰고있었는데 신상으로 세럼 나와서 탄력이랑 칙칙함이랑 둘중 하나는 써보고 싶었는데  체험단에 올라왔길래 바로 신청해봐서 써봤는데  주사기이용해서 만들어서 쓰니까 기분이 좀 이상했어요 ㅋ 지난번 에센스스킨에도 합쳐서 써라고 했던거 같은데 ㅎㅎ 바이옴라인은 신기하내요 ㅎ 233억마리? 마리 써있는것도 신기하구요 ㅎㅎ 일단 각질도 잘 정돈되고 결이 너무 부드러워지는거 같아요 이거 좋으면  4단계 탄력도 잡아주는 노란세럼도 써봐야겠어요 ㅎ  프로바이오틱스처럼 피부 안쪽부터? 잡아쥰다고하니 제 피부가 안부터 좋아졌음 좋겟어여 ㅠ 워터크림이랑 이거 꾸준히 쓰렵니다 워터크림은 진짜 너무너무 좋았어요!!
51,2020.06.13,5점만점에 5점,"향은 없고 흡수가 빨라요~😁
흡수가 빨라서 건조 할것 같지만 피부를 꽉 채워주는 느낌이 드네요!😆
냉장고에 넣어서 좀 더 시원하게 사용하면 좋을것 같습니다~!!😀
꾸준히 사용할 거에요~^^ 여름에 무겁게 발리지 않아서 너무 좋아요!😄"
52,2020.06.12,5점만점에 5점,"자극없이 순해요
향도 부담없고 좋아요
요즘 트러블이 올라와서 고민인데 꾸준히 써 보려구요
촉촉하고 수분가득해서 화장도 잘먹어요
다쓰고 재구매 할거에요"
53,2020.06.12,5점만점에 5점,"💙바이옴 에센스 블루샷(미백)💙

묽은 제형이라 잘 흘러서 제형 사진은 찍지 못했는데, 스킨처럼 묽어서 피부에 금방 스며드는 제형입니다. 피부 타입 상관없이 부담없이 사용 가능할 것 같습니다.

저같은 경우는 수부지피부라서 속건조를 잡는 것에 애를 쓰는데 이 에센스는 한 번만 발라도 충분히 촉촉하고 건성인 분들은 두세번 레이어링해서 발라도 부담없을만한 촉촉하고 산뜻한 에센스입니다.

금방 스며들고 기름지지도 않는데 한 번 바르는 거 만으로도 수분감이 빵빵하서 속건조까지 잡아줘서 지금같이 더워지는 날씨에 쓰기에 아주 최적화된 에센스라고 생각됩니다.

미백 기능은 앞으로 사용해보면서 지켜봐야하겠지만 수분감만으로도 정말 만족스럽기때문에 올 여름에 손이 많이 갈 것 같습니다.

📌추천: 수부지, 지성 (건성은 2번 정도 레이어링 필요할 듯)
📌장점: 산뜻하고 수분감 만땅인데 미백 효과도 볼 수 있음. 특히나 여름에 사용하기 좋음.

산뜻하고 촉촉한 에센스 찾으시는 분들께 추천드려요!🍉"
54,2020.06.05,5점만점에 5점,엘로우샷을 먼저 사서 썼는데 너무 좋아서 블루샷도 궁새했어요~같은라인  스킨로션보다 촉촉함은 덜할지만 주사기 앰플에 엄청난게 들어있을것 같아 잘쓰고있어요~전라인 다쓰는데 수분감 장난 아닙니다
55,2021.02.19,5점만점에 5점,이거 정말 추천합니다 이거 쓰고 다음날 아침에 피부가 엄청 보들보들하고 진정돼있더라구요 진짜 너무 좋음
56,2020.12.13,5점만점에 5점,"두통을 비우고도 세번째 이용중입니다 속건조가 심한 악건성피부라 그어떤 스킨제품을 써도 항상  피부가 건조하였는데 이제품은 속건조를 잘 잡아줍니다 화장솜이나 패드를 이용해 바르는것보다 손으로 2~3번 레이어링해서 발라주면 보습감에 한층 더 좋습니다 아침 저녁으로 스킨단계에 꼭 발라줍니다 두세번 레이어링한뒤 에스트라 아토베리어크림을 발라주면 한겨울에 보습력에는 최고입니다
스킨단계에 꼭 이용하는제품으로 정말 건조한 피부에게 강추하는 제품입니다"
57,2020.10.03,5점만점에 5점,"🌟장점: 스킨-로션 중간단계에 사용할려고 구매했음. 끈적임없이 잘 발리고 사용한후 피부 푸석함이 많이 줄어들었어요. 아침, 저녁에 사용하는데 두달이상은 사용가능할 용량입니다. 향은 거의 무향이며,저는 미세하게 우유향이 납니다. 

😇단점: 사용하면서 딱히 없었습니다."
58,2020.06.25,5점만점에 5점,피부가 요즘 타서 써봄 수분부족한뎅 이거 쓰면 죻음 완전 촉촉 끈적없이 죻음ㅎ 꾸준히 쓸랭ㅎ
59,2020.06.15,5점만점에 5점,"제피부가 예민한 편인데
잘맞는거보니 제품이 순한거같아용
건성인데 촉촉하고 잘 흡수가 됩니다!
향은 우유향? 느낌이라 호불호가 갈릴거같긴합니당
써보고 혀과있으면 구매하려구요"
60,2020.06.12,5점만점에 5점,샷이 별도로 들어있어서 좀 더 청결한 느낌이 들어요 닥터자르트 제품은 항상 순하고 자극이 없어서 항상 믿고 쓰는 제품이에요 이번 제품도 촉촉하고 순해서 좋네요~~~
61,2020.06.02,5점만점에 5점,촉촉하고 어플리케이터도 편리합니다. 조금 가격이 비싸긴한데 동일라인의 스킨을 쓰고 좋아서 샀어요.
62,2021.01.22,5점만점에 5점,속건조 잡는데 최고라고 들어서 구매해봤는데 솔직히 처음에는 좋은지 잘 몰랐어요 근데 쓰다보니까 진짜 피부가 쫀쫀하게 촉촉해지고 속건조가 많이 개선되어서 이제 스킨케어할때 꼭 있어야하는 템 1등이에요ㅠㅠ 근데 약간 아몬드 냄새(?)가 나서 처음에는 이게머야 했는데 쓰다보니 적응돼서 괜찮아요!!
63,2021.01.05,5점만점에 5점,한번 써보고 두번째 구매입니다 손에 닿는 피부결이 달라졌어요 특유의 빵냄새도 ㅋㅋ 좋아요
64,2020.10.13,5점만점에 5점,"자꾸 사람들이 바이옴 거려서 구매해봤어요.
-
엄청 순하고, 자극 없어요
-
촉촉하고, 흡수가 정말 금방되요.
-
아침에는 이거 하나만 발라주니까 적당했어요
선크림을 엄청 촉촉한 타입을 사용하고 있어서 그렇게 2개만 써도 궁합이 좋더라고요. (선크림-메이크프렘 모이스처선크림)
-
촉촉함이 오래가고, 화장솜중에 얇게 펼쳐지는 시트 화장솜 같은거에 듬뿍 적셔서 스킨팩 해주면 진짜 피부가 정말 촉촉해져요.
-
적당히 묽은 편이라서 계속 레이어링해도 끈적이지 않아요."
65,2020.10.11,5점만점에 5점,"바이옴 캡슐로 빠져서 닥자 바이놈라인 하나씩 모으는 중이에요ㅋㅋ
시카크림만 써보고 바이옴은 첨인데 너무조아여ㅋㅋ
향에 민감하지않아 저는 냄새 괜찮은데 ㅋㅋ 일단 제품이 좋아요 물같은 에센스라 손바닥에 덜어서 발라야하네요 
촉촉해지고 가벼운 에센스라 에센스 후 시카크림으로 듬뿍 발라줘야 덜 건조합니다ㅎㅎ 미백는 바로 효과는 당연히 없지만 한달케어로 하면 맑아질거라 믿어봅니다ㅎㅎ"
66,2020.09.24,5점만점에 5점,"며칠 써봤는데 상품평처럼 좋은지는 모르겠어요
회사 언니 추천으로 사서 며칠 사용해봤으나 특별히 좋은 느낌이 없어서 재구매는 안 할 것 같아요
스포이드가 다른거랑 다르게 전문적이네요ㅋㅋㅋ
그건 칭찬해줄만해요~!"
67,2020.09.10,5점만점에 5점,옐로샤쇼ㅓ보고 좋아서 종류별로ㅠ다 구매해보려고샄ㅅ라요 진짜진짜좋아사 쟝이고있어요 수분간패우는데뉴짱이거 여러겹레이어드하기ㅜ좋아요 진짜 평생안고갈겁니다 단종으뉴절대ㅠ안돼요ㅜ
68,2020.06.24,5점만점에 5점,"구*세럼 좋다해서 썻는데 뒤집혀서 미백은 무서웠었는데 잡티에도 좋고 미백 수분 전체적으로 좋다해서 구매했습니다
마스크쓰느라 끈적이고나 기름진건 최대한 피하고 싶었은데 기름짐고 없고 속당김도 많이 줄어들었습니다 이제 잡티나 피부톤이 달라지길 기대하면서 기다리고있어요!!몇일사용해보진않았는데 톤이 맑아지는건 확실히 느끼고있어요!"
69,2020.06.22,5점만점에 4점,"닥터자르트 스킨케어 제품은 처음 사용해보는데 유명한 만큼 좋아요 :-)
날이 덥다보니 땀도 많이 흘려 피부에 수분은 부족하고 유분기만 있어 화장을 하면 들뜨고 각질이 생겼는데 이 제품 쓰고 피부에 수분감이 많아진게 느껴질 정도로 들뜸이 없어요! 

향은 호불호가 많이 갈릴 것 같아 향에 민감이시거나 발효 향을 안좋아하시는분들에게는 추천하지 않아요. 저도 처음 사용했을 땐 조금 당황했지만 쓰다보니 적응이 됐어요!

극 지성이신 분들을 제외한 모든 피부타입에 아주 무난하게 사용하실 수 있을 것 같은 제품이라 추천드려요 :-)"
70,2020.06.18,5점만점에 4점,"닥터 자르트 올 영 매장에서 테스터 발라보고 너무좋았는데       이렇게 올영체험단 당첨 되어서 너무 좋았어요 
우선 냄새가 자극이 없어서 좋아요 
왜냐면 매일 바르는건데 냄새가 자극이 있으면 거부감드는데 얘는 그런거없어요
또 순한것같고  촉촉해요 
플루이드 형태의 타입 이라 좋네요
위생적인것같고요 굿굿"
71,2020.06.17,5점만점에 5점,"민감성피부인데 사용해보니 자극없이 넘 좋아요💙
브라이트닝 기능도 있어서 칙칙한 피부 개선 되는것 같아서 넘 좋네요~~~"
72,2020.06.13,5점만점에 4점,"복합성피부인데 끈적이지 않고 빠르게 흡수되서 좋아요.
여름이라 자기전에 끈적하고 쫀쫀한 에센스바르면 부담스러운데
이건 그렇지 않고 산뜻하게 마무리 돼요.
하지만 건조하지는 않아서 요즘같은 여름에는 2번정도 레이어링하고 크림은 생략해도 될 것 같아요~!
그리고 생각보다 되게 묽어서 잘 흘러내리는 타입이예요.
미백효과는 좀 더 써봐야 알 것 같네요~!"
73,2020.06.12,5점만점에 3점,"음??? 에센스?? 라기엔 좀 많이 묽은 물제형.
제형덕에 오 여름에 쓰기 괜찮을까 싶었는데..?
생각보다 기름지네요...
물제형치고 흡수력도 좀 더딘거같고..?
지복합성인데 여름엔 지성에 더더더더더욱 가까운 피부라.. 저한텐 좀..
닥터자르트제품 처음 쓰는건데.. 첫인상이..ㅠㅠ
악건성이신분들이 여름에 쓰기 좋겠어요..
저는 환절기때 다시 써볼게요.."
74,2020.06.12,5점만점에 5점,"제형은 물같이 흐르는 제형이고 흡수는 잘 되어요
마무리감이 보송하진 않고 수분감이 느껴져서 여름에 이 세럼으로 두 세번 레이어링 해주고 선크림만 발라도 충분할 것 같아요
펌프용기가 굉장히 편하고 위생적이에요
블루샷을 추가해서 안색이 밝아지는 효과가 나타난다고 하는데
아직 엄청난 효과는 모르겠지만 피부 톤이 좀 밝아지고 균일해지는 느낌이 있어요"
75,2020.06.08,5점만점에 5점,"민감성 수부지인데 기존 바이옴에센스를 잘 써서 새로 나온 이 에센스도 구매해봤어요! 엄청 좋아여 좀 더 밀도감이 있고 촉촉해요 
기좈 에센스처럼 토너대신 쓰는 게 아니라 앰플단계에 발라주는데 흡수를 잘 시켜주면서 두 번 바르니까 피부도 쫌쫌해지고 안색이 밝아진 것 같아요 ㅎㅎ 추천"
76,2020.06.04,5점만점에 5점,양이 생각보다 작은데 효과도 나쁘지않고 쓸만함
77,2020.05.30,5점만점에 5점,"올리브영 매장에서 직원의 추천을 받아서 산 제품! 
피부가 워낙 예민하구 민감해서 화장품 아무거나 못쓰는데 이제품은 너무 촉촉하고 트러블 좁쌀 없이 속건조를 잡아주는 느낌입니닿~ 성분도 꼼꼼히 살펴보고 여름이니까 미백에도 도움이 될까싶어서 샀는데 전혀 후회하지않구 다쓰면 재구매각인 제품입니다~
여름이라 끈적이면 세럼 사용 못할텐데 전혀 끈적이지않규 촉촉하게 수분잡아주고 속건조 잡아줘요"
78,2021.02.05,5점만점에 5점,"겨울에는 복합성이 되는 악지성 입니다 
속땡김이 좀 있어서 직원 권유로 구매해보았는데 아주 만족해서 벌써 세병째 쓰고 있어요 
향이 별로 지만 못 쓸 정도는 아닙니다 
여드름 피부인데 이거 쓰고 많이 가라앉았고 피부톤도 아주 조금 밝아진 것 같아요"
79,2021.01.28,5점만점에 5점,"수분 부족 유분 과다 트러블 피부입니다.
어제 밤부터 바르기 시작했는데 다행히 트러블 나지 않네요..
매장에서는 약간 되직한 제형이였는데
주르륵 흐르네욬ㅋㅋㅋ
다른거랑 착각하고 산건지...
암튼 제품은 괜찮아서 같은 라인 크림도 한번 사보려구요
트러블 나지 않는게 제일 맘에 듭니다
적당히 촉촉하구요"
80,2021.01.24,5점만점에 5점,"속건조가 심한 피부로 매장에서 직원 추천으로 구매하게된 제품인데요
사용감이 순하고 예민한 피부에도 트러블 없이  흡수도 잘 되는 제품이에요 
넘 좋아요 ^^"
81,2021.01.16,5점만점에 5점,"며칠 써보고 리뷰쓰려고 했는데 어제 사용해보고 너무 좋아서 남겨요 에센스를 두번 덧발랐더니 나비존 요철이 조금 줄었어요 앞으론 세번 덧바를 예정입니다 
콧물제형보다는 묽어서 덧바르기 부담스럽지 않아요"
82,2020.12.14,5점만점에 5점,"수분 충전에 좋은 에센스네요
발효성분이라 냄새는 그닥이지만 품질면에서는 괜찮은 
제품 같아요  여드름피부에도 더 트러블 없이 잘 사용중예요"
83,2020.11.25,5점만점에 4점,그냥저냥 잘 쓰고있습니다 눈에띄는 효과는 없지만 그냥 스킨 다음단계 화장품으론 나쁘지도 않은... 근데 냄새가 좀 구려요... 뭔냄새라고 표현하기엔 듣도 보도 못한 냄새...
84,2020.10.24,5점만점에 5점,"이거 ㄹㅇ 좋아요
가벼운데 완전 촉촉해요!!
진짜 속당김 전혀 없고 보습감도 오래 가요
여름에 바르기에 정말좋고 겨울에도 건조하지않게 촉촉하게 바를수있어요!
가격이 좀 나가는 편이긴하지만 그정도 값어치를 해서
아주아주 만족합니당!"
85,2020.08.28,5점만점에 5점,제형은 가벼운편이구요 순해요 피부상태가 나쁜상태에서 발라도 전혀 따가운게 없구요 지금 한통 다써가는데 미백효과가 있어요 속부터 환해지는 느낌이 들어요 가격이 좀 비싸긴 하지만 생각보다 오래쓰구요 무엇보다도 효과가 확실하게 있는 제품이라 또 구매할것 같아용ㅎㅎ
86,2020.08.22,5점만점에 3점,제품이 우선 엄청 순하고 제형을 되게 묽습니다. 근데 전혀 끈적하지는 않구요! 무엇보다 무향이여서 오히려 저는 그게 좋은 것 같아요! 여름에 쓰지 좋다는 생각이 듭니다.
87,2020.06.29,5점만점에 2점,"지성은 아니고 여름만 되면 지성쪽으로 변하는 복합성입니다
일단 코코낫 향이 조금 힘들었고 보습이 너무 좋아요 ㅋㅋㅋㅋㅋ
그래서 너무 답답해요 .... 안쓸듯 ㅠ"
88,2020.06.28,5점만점에 4점,"리뉴얼 전 제품에는 앰플이 없었는데 이건 앰플이 있어서 설명대로 앰플넣고 흔든 뒤에 사용해봤어요!
일단 제형은 여름에 쓰기 좋은 타입이라서 산뜻한 편이고 여러번 써도 부담스럽지 않고 흡수력도 괜찮네요. 촉촉하니 수분이 채워지는 느낌이에요. 
근데 향이 저는 좀 별로라서 별하나 뺐어요. 브라이트닝 효과도 아직 못 느꼈구요. 미백제품이라기 보다 수분제품에 가까운 거 같아요!"
89,2020.06.24,5점만점에 5점,"일단 순하고 트러블은 나지 않았습니다
우유향이 나는데 크게 거슬리진 않았어요
가볍게 보습주기에 좋습니다
환절기나 여름에 쓰기 좋은 정도에요
속보습 채우는데 좋고 화장도 더 잘먹네요
이거 하나만으로 보습 채우긴 부족하고
후에 로션하나 정도만 발라도 충분합니다"
90,2020.06.18,5점만점에 5점,"마스크 때문인지 피부가 자꾸만 건조해져서 찾아보다가 구매했어요!!
기존에 워터타입 에센스를 사용해서 믿고 구매했는데 확실히 앰플제형이라 보습감이 더 좋아요!!
향이 살짝 별로긴 하지만 끈적이지 않고 속보습도 채워줘서 정말 만족하며 사용하고 있어요!!"
91,2020.06.15,5점만점에 5점,"주변 추천으로 샀는데 너무 만족합니다
생각보다 더 묽은 제형이긴 하지만
굉장히 촉촉하고 바로 흡수 되어서 좋아요
끈적임 뭐 그런거 1도 없어요
피부가 쫀득쫀득해지는 기분이에요!!"
92,2020.06.10,5점만점에 5점,요거 진짜 물건이예요 바르고나면 피부가 촉촉하고 쫀쫀해지는 느낌이예요 전 두번 레이어드해서  바르는데 바르는느낌도 참좋네요 간만에 진짜 맘에드는 에센스 만났네요
93,2020.06.07,5점만점에 5점,"양은 일반 세럼 제품들 양과 비슷합니다.

적당히 촉촉한 세럼이라고 생각됩니다. 

자극은 크게 없지만 아무래도 요즘같은 계절에 복합성 피부에게는 조금 산뜻하지 않은 것 같아요.

자기 전에 발라주는 용도로 사용하고 있습니다. 

길게 사용해보려구요"
94,2020.06.03,5점만점에 5점,"여러분 이거 왜 안써요..? 진짜 속당김에 와방 좋고 기름지지 않으면서 흡수도 잘되고 진짜 쓴날이랑 안쓴날이랑 피부 상태가 완전 달라지는데..?  
작년부터 닥터자르트 수분라인 썻는데 150미리 짜리 한통을 반년 정고 쓰길래 뭔가 빨리 쓰고 싶어서 이번에 작게 나온걸로 두개 샀는데 주사기 바뀐거 작고소듕해..  진짜 너무 좋고 ㅠㅠㅠㅠ
 피부 광명찾았어요ㅠㅠㅠ 얘네쓰고 나서 주변에서도 피부 좋아졌단얘기를 너무 많이 들어서 제발 단종 안되고 계속 나왔으면 좋겠다 ㅠㅠㅠ  

내가 수부지다 속당김이 있다 좁쌀 많다 예민하다 그렇다면 이거 진짜 알러지 100개 있는 사람으로써 적극 추천합니다"
95,2020.06.02,5점만점에 5점,"마스크가 일상이 되어버린 요즘 덥고 습기로 트러블이 심해져 올영세일이라길래 가까운올영을 찾아갔다가 요즘 피부유산균제품이 tv광고도 하고해서 관심있게 보던중 유익균수가 독보적인 제품을 발견ㅋ 집어와서 집에서 뜯어보니 주사기같은게 있는데 섞어서 쓰는거라고해서 ㅋ 병원놀이 하듯 샷추가~~
일단 사용후기는 바른후 싹 흡수되서 더워지는 요즘 끈적이지않아서 좋았고 신기한건 딱딱하게 올라온 트러블이 가라앉는게 보임 올~~~신기해 평소같으면 트러블이 진정되더라도 상처가 계속 신경쓰이는데 붉은기가 자구일어나면 연해지는거 내느낌인가?ㅋ 여튼 좋아좋아
근데 더중요한건 마스크를 벗고 건조한느낌은 나만받는지 모르겠지만 그건조도 해결된듯한 느낌이라 이렇게 길게후기를 남기게되는 제품이네요 최애템될듯싶습니다"
96,2021.03.02,5점만점에 4점,무난해요 근데 딱히 비싼값을 하지는 않는거 같아요 그냥 평범한 에센스 정도? 사용감에 미세한 끈적함이 남아요
97,2021.02.12,5점만점에 4점,"순하고 데일리로 쓰기 좋아요 
속건조가 심한데 바를때는 촉촉한데 시간이 지나면 건조해요 
속건조 심하지 않으면 아주 잘쓸 제품이에요"
98,2020.12.30,5점만점에 3점,닥자 입소문 나서 한번 사봤어요 아직 안써봤지만 기대되네요
99,2020.09.26,5점만점에 5점,직원분이 써보라고 추천하셔서 써봤는데 좋네요 촉촉하고 ㅈㅐ구매 의사 100프로 입니다
